Active index: generated sample grid
Requested UIDs: []
Discovered missing-label UIDs: []
UID benchmark_extension_v1_case11_sample_000001: scheduled because durable label is missing
  y_path_string: 
  resolved_y_path: /Users/jihojun/chiptherm/data/runs/benchmarks/benchmark_extension_v1/pilot/case11/sample_000001/parsed/temp_layer0.npy
  path_y_exists: False
  sample_directory_exists: True
  source_directory_exists: True
  prior_status: none
  failure_record_presence: False
  retry_count: 0
  retry_exhausted: False
  resume_skip_reason: 
  final_should_schedule: True
  exact_exclusion_reason: 
UID benchmark_extension_v1_case11_sample_000002: scheduled because durable label is missing
  y_path_string: 
  resolved_y_path: /Users/jihojun/chiptherm/data/runs/benchmarks/benchmark_extension_v1/pilot/case11/sample_000002/parsed/temp_layer0.npy
  path_y_exists: False
  sample_directory_exists: True
  source_directory_exists: True
  prior_status: none
  failure_record_presence: False
  retry_count: 0
  retry_exhausted: False
  resume_skip_reason: 
  final_should_schedule: True
  exact_exclusion_reason: 
UID benchmark_extension_v1_case11_sample_000003: scheduled because durable label is missing
  y_path_string: 
  resolved_y_path: /Users/jihojun/chiptherm/data/runs/benchmarks/benchmark_extension_v1/pilot/case11/sample_000003/parsed/temp_layer0.npy
  path_y_exists: False
  sample_directory_exists: True
  source_directory_exists: True
  prior_status: none
  failure_record_presence: False
  retry_count: 0
  retry_exhausted: False
  resume_skip_reason: 
  final_should_schedule: True
  exact_exclusion_reason: 
UID benchmark_extension_v1_case11_sample_000004: scheduled because durable label is missing
  y_path_string: 
  resolved_y_path: /Users/jihojun/chiptherm/data/runs/benchmarks/benchmark_extension_v1/pilot/case11/sample_000004/parsed/temp_layer0.npy
  path_y_exists: False
  sample_directory_exists: True
  source_directory_exists: True
  prior_status: none
  failure_record_presence: False
  retry_count: 0
  retry_exhausted: False
  resume_skip_reason: 
  final_should_schedule: True
  exact_exclusion_reason: 
UID benchmark_extension_v1_case11_sample_000005: scheduled because durable label is missing
  y_path_string: 
  resolved_y_path: /Users/jihojun/chiptherm/data/runs/benchmarks/benchmark_extension_v1/pilot/case11/sample_000005/parsed/temp_layer0.npy
  path_y_exists: False
  sample_directory_exists: True
  source_directory_exists: True
  prior_status: none
  failure_record_presence: False
  retry_count: 0
  retry_exhausted: False
  resume_skip_reason: 
  final_should_schedule: True
  exact_exclusion_reason: 
UID benchmark_extension_v1_case11_sample_000006: scheduled because durable label is missing
  y_path_string: 
  resolved_y_path: /Users/jihojun/chiptherm/data/runs/benchmarks/benchmark_extension_v1/pilot/case11/sample_000006/parsed/temp_layer0.npy
  path_y_exists: False
  sample_directory_exists: True
  source_directory_exists: True
  prior_status: none
  failure_record_presence: False
  retry_count: 0
  retry_exhausted: False
  resume_skip_reason: 
  final_should_schedule: True
  exact_exclusion_reason: 
UID benchmark_extension_v1_case11_sample_000007: scheduled because durable label is missing
  y_path_string: 
  resolved_y_path: /Users/jihojun/chiptherm/data/runs/benchmarks/benchmark_extension_v1/pilot/case11/sample_000007/parsed/temp_layer0.npy
  path_y_exists: False
  sample_directory_exists: True
  source_directory_exists: True
  prior_status: none
  failure_record_presence: False
  retry_count: 0
  retry_exhausted: False
  resume_skip_reason: 
  final_should_schedule: True
  exact_exclusion_reason: 
UID benchmark_extension_v1_case11_sample_000008: scheduled because durable label is missing
  y_path_string: 
  resolved_y_path: /Users/jihojun/chiptherm/data/runs/benchmarks/benchmark_extension_v1/pilot/case11/sample_000008/parsed/temp_layer0.npy
  path_y_exists: False
  sample_directory_exists: True
  source_directory_exists: True
  prior_status: none
  failure_record_presence: False
  retry_count: 0
  retry_exhausted: False
  resume_skip_reason: 
  final_should_schedule: True
  exact_exclusion_reason: 
UID benchmark_extension_v1_case11_sample_000009: scheduled because durable label is missing
  y_path_string: 
  resolved_y_path: /Users/jihojun/chiptherm/data/runs/benchmarks/benchmark_extension_v1/pilot/case11/sample_000009/parsed/temp_layer0.npy
  path_y_exists: False
  sample_directory_exists: True
  source_directory_exists: True
  prior_status: none
  failure_record_presence: False
  retry_count: 0
  retry_exhausted: False
  resume_skip_reason: 
  final_should_schedule: True
  exact_exclusion_reason: 
UID benchmark_extension_v1_case11_sample_000010: scheduled because durable label is missing
  y_path_string: 
  resolved_y_path: /Users/jihojun/chiptherm/data/runs/benchmarks/benchmark_extension_v1/pilot/case11/sample_000010/parsed/temp_layer0.npy
  path_y_exists: False
  sample_directory_exists: True
  source_directory_exists: True
  prior_status: none
  failure_record_presence: False
  retry_count: 0
  retry_exhausted: False
  resume_skip_reason: 
  final_should_schedule: True
  exact_exclusion_reason: 
UID benchmark_extension_v1_case11_sample_000011: scheduled because durable label is missing
  y_path_string: 
  resolved_y_path: /Users/jihojun/chiptherm/data/runs/benchmarks/benchmark_extension_v1/pilot/case11/sample_000011/parsed/temp_layer0.npy
  path_y_exists: False
  sample_directory_exists: True
  source_directory_exists: True
  prior_status: none
  failure_record_presence: False
  retry_count: 0
  retry_exhausted: False
  resume_skip_reason: 
  final_should_schedule: True
  exact_exclusion_reason: 
UID benchmark_extension_v1_case11_sample_000012: scheduled because durable label is missing
  y_path_string: 
  resolved_y_path: /Users/jihojun/chiptherm/data/runs/benchmarks/benchmark_extension_v1/pilot/case11/sample_000012/parsed/temp_layer0.npy
  path_y_exists: False
  sample_directory_exists: True
  source_directory_exists: True
  prior_status: none
  failure_record_presence: False
  retry_count: 0
  retry_exhausted: False
  resume_skip_reason: 
  final_should_schedule: True
  exact_exclusion_reason: 
UID benchmark_extension_v1_case11_sample_000013: scheduled because durable label is missing
  y_path_string: 
  resolved_y_path: /Users/jihojun/chiptherm/data/runs/benchmarks/benchmark_extension_v1/pilot/case11/sample_000013/parsed/temp_layer0.npy
  path_y_exists: False
  sample_directory_exists: True
  source_directory_exists: True
  prior_status: none
  failure_record_presence: False
  retry_count: 0
  retry_exhausted: False
  resume_skip_reason: 
  final_should_schedule: True
  exact_exclusion_reason: 
UID benchmark_extension_v1_case11_sample_000014: scheduled because durable label is missing
  y_path_string: 
  resolved_y_path: /Users/jihojun/chiptherm/data/runs/benchmarks/benchmark_extension_v1/pilot/case11/sample_000014/parsed/temp_layer0.npy
  path_y_exists: False
  sample_directory_exists: True
  source_directory_exists: True
  prior_status: none
  failure_record_presence: False
  retry_count: 0
  retry_exhausted: False
  resume_skip_reason: 
  final_should_schedule: True
  exact_exclusion_reason: 
UID benchmark_extension_v1_case11_sample_000015: scheduled because durable label is missing
  y_path_string: 
  resolved_y_path: /Users/jihojun/chiptherm/data/runs/benchmarks/benchmark_extension_v1/pilot/case11/sample_000015/parsed/temp_layer0.npy
  path_y_exists: False
  sample_directory_exists: True
  source_directory_exists: True
  prior_status: none
  failure_record_presence: False
  retry_count: 0
  retry_exhausted: False
  resume_skip_reason: 
  final_should_schedule: True
  exact_exclusion_reason: 
UID benchmark_extension_v1_case11_sample_000016: scheduled because durable label is missing
  y_path_string: 
  resolved_y_path: /Users/jihojun/chiptherm/data/runs/benchmarks/benchmark_extension_v1/pilot/case11/sample_000016/parsed/temp_layer0.npy
  path_y_exists: False
  sample_directory_exists: True
  source_directory_exists: True
  prior_status: none
  failure_record_presence: False
  retry_count: 0
  retry_exhausted: False
  resume_skip_reason: 
  final_should_schedule: True
  exact_exclusion_reason: 
UID benchmark_extension_v1_case11_sample_000017: scheduled because durable label is missing
  y_path_string: 
  resolved_y_path: /Users/jihojun/chiptherm/data/runs/benchmarks/benchmark_extension_v1/pilot/case11/sample_000017/parsed/temp_layer0.npy
  path_y_exists: False
  sample_directory_exists: True
  source_directory_exists: True
  prior_status: none
  failure_record_presence: False
  retry_count: 0
  retry_exhausted: False
  resume_skip_reason: 
  final_should_schedule: True
  exact_exclusion_reason: 
UID benchmark_extension_v1_case11_sample_000018: scheduled because durable label is missing
  y_path_string: 
  resolved_y_path: /Users/jihojun/chiptherm/data/runs/benchmarks/benchmark_extension_v1/pilot/case11/sample_000018/parsed/temp_layer0.npy
  path_y_exists: False
  sample_directory_exists: True
  source_directory_exists: True
  prior_status: none
  failure_record_presence: False
  retry_count: 0
  retry_exhausted: False
  resume_skip_reason: 
  final_should_schedule: True
  exact_exclusion_reason: 
UID benchmark_extension_v1_case11_sample_000019: scheduled because durable label is missing
  y_path_string: 
  resolved_y_path: /Users/jihojun/chiptherm/data/runs/benchmarks/benchmark_extension_v1/pilot/case11/sample_000019/parsed/temp_layer0.npy
  path_y_exists: False
  sample_directory_exists: True
  source_directory_exists: True
  prior_status: none
  failure_record_presence: False
  retry_count: 0
  retry_exhausted: False
  resume_skip_reason: 
  final_should_schedule: True
  exact_exclusion_reason: 
UID benchmark_extension_v1_case11_sample_000020: scheduled because durable label is missing
  y_path_string: 
  resolved_y_path: /Users/jihojun/chiptherm/data/runs/benchmarks/benchmark_extension_v1/pilot/case11/sample_000020/parsed/temp_layer0.npy
  path_y_exists: False
  sample_directory_exists: True
  source_directory_exists: True
  prior_status: none
  failure_record_presence: False
  retry_count: 0
  retry_exhausted: False
  resume_skip_reason: 
  final_should_schedule: True
  exact_exclusion_reason: 
UID benchmark_extension_v1_case11_sample_000021: scheduled because durable label is missing
  y_path_string: 
  resolved_y_path: /Users/jihojun/chiptherm/data/runs/benchmarks/benchmark_extension_v1/pilot/case11/sample_000021/parsed/temp_layer0.npy
  path_y_exists: False
  sample_directory_exists: True
  source_directory_exists: True
  prior_status: none
  failure_record_presence: False
  retry_count: 0
  retry_exhausted: False
  resume_skip_reason: 
  final_should_schedule: True
  exact_exclusion_reason: 
UID benchmark_extension_v1_case11_sample_000022: scheduled because durable label is missing
  y_path_string: 
  resolved_y_path: /Users/jihojun/chiptherm/data/runs/benchmarks/benchmark_extension_v1/pilot/case11/sample_000022/parsed/temp_layer0.npy
  path_y_exists: False
  sample_directory_exists: True
  source_directory_exists: True
  prior_status: none
  failure_record_presence: False
  retry_count: 0
  retry_exhausted: False
  resume_skip_reason: 
  final_should_schedule: True
  exact_exclusion_reason: 
UID benchmark_extension_v1_case11_sample_000023: scheduled because durable label is missing
  y_path_string: 
  resolved_y_path: /Users/jihojun/chiptherm/data/runs/benchmarks/benchmark_extension_v1/pilot/case11/sample_000023/parsed/temp_layer0.npy
  path_y_exists: False
  sample_directory_exists: True
  source_directory_exists: True
  prior_status: none
  failure_record_presence: False
  retry_count: 0
  retry_exhausted: False
  resume_skip_reason: 
  final_should_schedule: True
  exact_exclusion_reason: 
UID benchmark_extension_v1_case11_sample_000024: scheduled because durable label is missing
  y_path_string: 
  resolved_y_path: /Users/jihojun/chiptherm/data/runs/benchmarks/benchmark_extension_v1/pilot/case11/sample_000024/parsed/temp_layer0.npy
  path_y_exists: False
  sample_directory_exists: True
  source_directory_exists: True
  prior_status: none
  failure_record_presence: False
  retry_count: 0
  retry_exhausted: False
  resume_skip_reason: 
  final_should_schedule: True
  exact_exclusion_reason: 
UID benchmark_extension_v1_case11_sample_000025: scheduled because durable label is missing
  y_path_string: 
  resolved_y_path: /Users/jihojun/chiptherm/data/runs/benchmarks/benchmark_extension_v1/pilot/case11/sample_000025/parsed/temp_layer0.npy
  path_y_exists: False
  sample_directory_exists: True
  source_directory_exists: True
  prior_status: none
  failure_record_presence: False
  retry_count: 0
  retry_exhausted: False
  resume_skip_reason: 
  final_should_schedule: True
  exact_exclusion_reason: 
UID benchmark_extension_v1_case11_sample_000026: scheduled because durable label is missing
  y_path_string: 
  resolved_y_path: /Users/jihojun/chiptherm/data/runs/benchmarks/benchmark_extension_v1/pilot/case11/sample_000026/parsed/temp_layer0.npy
  path_y_exists: False
  sample_directory_exists: True
  source_directory_exists: True
  prior_status: none
  failure_record_presence: False
  retry_count: 0
  retry_exhausted: False
  resume_skip_reason: 
  final_should_schedule: True
  exact_exclusion_reason: 
UID benchmark_extension_v1_case11_sample_000027: scheduled because durable label is missing
  y_path_string: 
  resolved_y_path: /Users/jihojun/chiptherm/data/runs/benchmarks/benchmark_extension_v1/pilot/case11/sample_000027/parsed/temp_layer0.npy
  path_y_exists: False
  sample_directory_exists: True
  source_directory_exists: True
  prior_status: none
  failure_record_presence: False
  retry_count: 0
  retry_exhausted: False
  resume_skip_reason: 
  final_should_schedule: True
  exact_exclusion_reason: 
UID benchmark_extension_v1_case11_sample_000028: scheduled because durable label is missing
  y_path_string: 
  resolved_y_path: /Users/jihojun/chiptherm/data/runs/benchmarks/benchmark_extension_v1/pilot/case11/sample_000028/parsed/temp_layer0.npy
  path_y_exists: False
  sample_directory_exists: True
  source_directory_exists: True
  prior_status: none
  failure_record_presence: False
  retry_count: 0
  retry_exhausted: False
  resume_skip_reason: 
  final_should_schedule: True
  exact_exclusion_reason: 
UID benchmark_extension_v1_case11_sample_000029: scheduled because durable label is missing
  y_path_string: 
  resolved_y_path: /Users/jihojun/chiptherm/data/runs/benchmarks/benchmark_extension_v1/pilot/case11/sample_000029/parsed/temp_layer0.npy
  path_y_exists: False
  sample_directory_exists: True
  source_directory_exists: True
  prior_status: none
  failure_record_presence: False
  retry_count: 0
  retry_exhausted: False
  resume_skip_reason: 
  final_should_schedule: True
  exact_exclusion_reason: 
UID benchmark_extension_v1_case11_sample_000030: scheduled because durable label is missing
  y_path_string: 
  resolved_y_path: /Users/jihojun/chiptherm/data/runs/benchmarks/benchmark_extension_v1/pilot/case11/sample_000030/parsed/temp_layer0.npy
  path_y_exists: False
  sample_directory_exists: True
  source_directory_exists: True
  prior_status: none
  failure_record_presence: False
  retry_count: 0
  retry_exhausted: False
  resume_skip_reason: 
  final_should_schedule: True
  exact_exclusion_reason: 
UID benchmark_extension_v1_case11_sample_000031: scheduled because durable label is missing
  y_path_string: 
  resolved_y_path: /Users/jihojun/chiptherm/data/runs/benchmarks/benchmark_extension_v1/pilot/case11/sample_000031/parsed/temp_layer0.npy
  path_y_exists: False
  sample_directory_exists: True
  source_directory_exists: True
  prior_status: none
  failure_record_presence: False
  retry_count: 0
  retry_exhausted: False
  resume_skip_reason: 
  final_should_schedule: True
  exact_exclusion_reason: 
UID benchmark_extension_v1_case11_sample_000032: scheduled because durable label is missing
  y_path_string: 
  resolved_y_path: /Users/jihojun/chiptherm/data/runs/benchmarks/benchmark_extension_v1/pilot/case11/sample_000032/parsed/temp_layer0.npy
  path_y_exists: False
  sample_directory_exists: True
  source_directory_exists: True
  prior_status: none
  failure_record_presence: False
  retry_count: 0
  retry_exhausted: False
  resume_skip_reason: 
  final_should_schedule: True
  exact_exclusion_reason: 
UID benchmark_extension_v1_case11_sample_000033: scheduled because durable label is missing
  y_path_string: 
  resolved_y_path: /Users/jihojun/chiptherm/data/runs/benchmarks/benchmark_extension_v1/pilot/case11/sample_000033/parsed/temp_layer0.npy
  path_y_exists: False
  sample_directory_exists: True
  source_directory_exists: True
  prior_status: none
  failure_record_presence: False
  retry_count: 0
  retry_exhausted: False
  resume_skip_reason: 
  final_should_schedule: True
  exact_exclusion_reason: 
UID benchmark_extension_v1_case11_sample_000034: scheduled because durable label is missing
  y_path_string: 
  resolved_y_path: /Users/jihojun/chiptherm/data/runs/benchmarks/benchmark_extension_v1/pilot/case11/sample_000034/parsed/temp_layer0.npy
  path_y_exists: False
  sample_directory_exists: True
  source_directory_exists: True
  prior_status: none
  failure_record_presence: False
  retry_count: 0
  retry_exhausted: False
  resume_skip_reason: 
  final_should_schedule: True
  exact_exclusion_reason: 
UID benchmark_extension_v1_case11_sample_000035: scheduled because durable label is missing
  y_path_string: 
  resolved_y_path: /Users/jihojun/chiptherm/data/runs/benchmarks/benchmark_extension_v1/pilot/case11/sample_000035/parsed/temp_layer0.npy
  path_y_exists: False
  sample_directory_exists: True
  source_directory_exists: True
  prior_status: none
  failure_record_presence: False
  retry_count: 0
  retry_exhausted: False
  resume_skip_reason: 
  final_should_schedule: True
  exact_exclusion_reason: 
UID benchmark_extension_v1_case11_sample_000036: scheduled because durable label is missing
  y_path_string: 
  resolved_y_path: /Users/jihojun/chiptherm/data/runs/benchmarks/benchmark_extension_v1/pilot/case11/sample_000036/parsed/temp_layer0.npy
  path_y_exists: False
  sample_directory_exists: True
  source_directory_exists: True
  prior_status: none
  failure_record_presence: False
  retry_count: 0
  retry_exhausted: False
  resume_skip_reason: 
  final_should_schedule: True
  exact_exclusion_reason: 
UID benchmark_extension_v1_case11_sample_000037: scheduled because durable label is missing
  y_path_string: 
  resolved_y_path: /Users/jihojun/chiptherm/data/runs/benchmarks/benchmark_extension_v1/pilot/case11/sample_000037/parsed/temp_layer0.npy
  path_y_exists: False
  sample_directory_exists: True
  source_directory_exists: True
  prior_status: none
  failure_record_presence: False
  retry_count: 0
  retry_exhausted: False
  resume_skip_reason: 
  final_should_schedule: True
  exact_exclusion_reason: 
UID benchmark_extension_v1_case11_sample_000038: scheduled because durable label is missing
  y_path_string: 
  resolved_y_path: /Users/jihojun/chiptherm/data/runs/benchmarks/benchmark_extension_v1/pilot/case11/sample_000038/parsed/temp_layer0.npy
  path_y_exists: False
  sample_directory_exists: True
  source_directory_exists: True
  prior_status: none
  failure_record_presence: False
  retry_count: 0
  retry_exhausted: False
  resume_skip_reason: 
  final_should_schedule: True
  exact_exclusion_reason: 
UID benchmark_extension_v1_case11_sample_000039: scheduled because durable label is missing
  y_path_string: 
  resolved_y_path: /Users/jihojun/chiptherm/data/runs/benchmarks/benchmark_extension_v1/pilot/case11/sample_000039/parsed/temp_layer0.npy
  path_y_exists: False
  sample_directory_exists: True
  source_directory_exists: True
  prior_status: none
  failure_record_presence: False
  retry_count: 0
  retry_exhausted: False
  resume_skip_reason: 
  final_should_schedule: True
  exact_exclusion_reason: 
UID benchmark_extension_v1_case11_sample_000040: scheduled because durable label is missing
  y_path_string: 
  resolved_y_path: /Users/jihojun/chiptherm/data/runs/benchmarks/benchmark_extension_v1/pilot/case11/sample_000040/parsed/temp_layer0.npy
  path_y_exists: False
  sample_directory_exists: True
  source_directory_exists: True
  prior_status: none
  failure_record_presence: False
  retry_count: 0
  retry_exhausted: False
  resume_skip_reason: 
  final_should_schedule: True
  exact_exclusion_reason: 
UID benchmark_extension_v1_case11_sample_000041: scheduled because durable label is missing
  y_path_string: 
  resolved_y_path: /Users/jihojun/chiptherm/data/runs/benchmarks/benchmark_extension_v1/pilot/case11/sample_000041/parsed/temp_layer0.npy
  path_y_exists: False
  sample_directory_exists: True
  source_directory_exists: True
  prior_status: none
  failure_record_presence: False
  retry_count: 0
  retry_exhausted: False
  resume_skip_reason: 
  final_should_schedule: True
  exact_exclusion_reason: 
UID benchmark_extension_v1_case11_sample_000042: scheduled because durable label is missing
  y_path_string: 
  resolved_y_path: /Users/jihojun/chiptherm/data/runs/benchmarks/benchmark_extension_v1/pilot/case11/sample_000042/parsed/temp_layer0.npy
  path_y_exists: False
  sample_directory_exists: True
  source_directory_exists: True
  prior_status: none
  failure_record_presence: False
  retry_count: 0
  retry_exhausted: False
  resume_skip_reason: 
  final_should_schedule: True
  exact_exclusion_reason: 
UID benchmark_extension_v1_case11_sample_000043: scheduled because durable label is missing
  y_path_string: 
  resolved_y_path: /Users/jihojun/chiptherm/data/runs/benchmarks/benchmark_extension_v1/pilot/case11/sample_000043/parsed/temp_layer0.npy
  path_y_exists: False
  sample_directory_exists: True
  source_directory_exists: True
  prior_status: none
  failure_record_presence: False
  retry_count: 0
  retry_exhausted: False
  resume_skip_reason: 
  final_should_schedule: True
  exact_exclusion_reason: 
UID benchmark_extension_v1_case11_sample_000044: scheduled because durable label is missing
  y_path_string: 
  resolved_y_path: /Users/jihojun/chiptherm/data/runs/benchmarks/benchmark_extension_v1/pilot/case11/sample_000044/parsed/temp_layer0.npy
  path_y_exists: False
  sample_directory_exists: True
  source_directory_exists: True
  prior_status: none
  failure_record_presence: False
  retry_count: 0
  retry_exhausted: False
  resume_skip_reason: 
  final_should_schedule: True
  exact_exclusion_reason: 
UID benchmark_extension_v1_case11_sample_000045: scheduled because durable label is missing
  y_path_string: 
  resolved_y_path: /Users/jihojun/chiptherm/data/runs/benchmarks/benchmark_extension_v1/pilot/case11/sample_000045/parsed/temp_layer0.npy
  path_y_exists: False
  sample_directory_exists: True
  source_directory_exists: True
  prior_status: none
  failure_record_presence: False
  retry_count: 0
  retry_exhausted: False
  resume_skip_reason: 
  final_should_schedule: True
  exact_exclusion_reason: 
UID benchmark_extension_v1_case11_sample_000046: scheduled because durable label is missing
  y_path_string: 
  resolved_y_path: /Users/jihojun/chiptherm/data/runs/benchmarks/benchmark_extension_v1/pilot/case11/sample_000046/parsed/temp_layer0.npy
  path_y_exists: False
  sample_directory_exists: True
  source_directory_exists: True
  prior_status: none
  failure_record_presence: False
  retry_count: 0
  retry_exhausted: False
  resume_skip_reason: 
  final_should_schedule: True
  exact_exclusion_reason: 
UID benchmark_extension_v1_case11_sample_000047: scheduled because durable label is missing
  y_path_string: 
  resolved_y_path: /Users/jihojun/chiptherm/data/runs/benchmarks/benchmark_extension_v1/pilot/case11/sample_000047/parsed/temp_layer0.npy
  path_y_exists: False
  sample_directory_exists: True
  source_directory_exists: True
  prior_status: none
  failure_record_presence: False
  retry_count: 0
  retry_exhausted: False
  resume_skip_reason: 
  final_should_schedule: True
  exact_exclusion_reason: 
UID benchmark_extension_v1_case11_sample_000048: scheduled because durable label is missing
  y_path_string: 
  resolved_y_path: /Users/jihojun/chiptherm/data/runs/benchmarks/benchmark_extension_v1/pilot/case11/sample_000048/parsed/temp_layer0.npy
  path_y_exists: False
  sample_directory_exists: True
  source_directory_exists: True
  prior_status: none
  failure_record_presence: False
  retry_count: 0
  retry_exhausted: False
  resume_skip_reason: 
  final_should_schedule: True
  exact_exclusion_reason: 
UID benchmark_extension_v1_case11_sample_000049: scheduled because durable label is missing
  y_path_string: 
  resolved_y_path: /Users/jihojun/chiptherm/data/runs/benchmarks/benchmark_extension_v1/pilot/case11/sample_000049/parsed/temp_layer0.npy
  path_y_exists: False
  sample_directory_exists: True
  source_directory_exists: True
  prior_status: none
  failure_record_presence: False
  retry_count: 0
  retry_exhausted: False
  resume_skip_reason: 
  final_should_schedule: True
  exact_exclusion_reason: 
UID benchmark_extension_v1_case11_sample_000050: scheduled because durable label is missing
  y_path_string: 
  resolved_y_path: /Users/jihojun/chiptherm/data/runs/benchmarks/benchmark_extension_v1/pilot/case11/sample_000050/parsed/temp_layer0.npy
  path_y_exists: False
  sample_directory_exists: True
  source_directory_exists: True
  prior_status: none
  failure_record_presence: False
  retry_count: 0
  retry_exhausted: False
  resume_skip_reason: 
  final_should_schedule: True
  exact_exclusion_reason: 
UID benchmark_extension_v1_case12_sample_000001: scheduled because durable label is missing
  y_path_string: 
  resolved_y_path: /Users/jihojun/chiptherm/data/runs/benchmarks/benchmark_extension_v1/pilot/case12/sample_000001/parsed/temp_layer0.npy
  path_y_exists: False
  sample_directory_exists: True
  source_directory_exists: True
  prior_status: none
  failure_record_presence: False
  retry_count: 0
  retry_exhausted: False
  resume_skip_reason: 
  final_should_schedule: True
  exact_exclusion_reason: 
UID benchmark_extension_v1_case12_sample_000002: generated valid source on attempt 1 (candidate_seed=2227263735771153)
UID benchmark_extension_v1_case12_sample_000002: scheduled because durable label is missing
  y_path_string: 
  resolved_y_path: /Users/jihojun/chiptherm/data/runs/benchmarks/benchmark_extension_v1/pilot/case12/sample_000002/parsed/temp_layer0.npy
  path_y_exists: False
  sample_directory_exists: True
  source_directory_exists: True
  prior_status: none
  failure_record_presence: False
  retry_count: 0
  retry_exhausted: False
  resume_skip_reason: 
  final_should_schedule: True
  exact_exclusion_reason: 
UID benchmark_extension_v1_case12_sample_000003: scheduled because durable label is missing
  y_path_string: 
  resolved_y_path: /Users/jihojun/chiptherm/data/runs/benchmarks/benchmark_extension_v1/pilot/case12/sample_000003/parsed/temp_layer0.npy
  path_y_exists: False
  sample_directory_exists: True
  source_directory_exists: True
  prior_status: none
  failure_record_presence: False
  retry_count: 0
  retry_exhausted: False
  resume_skip_reason: 
  final_should_schedule: True
  exact_exclusion_reason: 
UID benchmark_extension_v1_case12_sample_000004: scheduled because durable label is missing
  y_path_string: 
  resolved_y_path: /Users/jihojun/chiptherm/data/runs/benchmarks/benchmark_extension_v1/pilot/case12/sample_000004/parsed/temp_layer0.npy
  path_y_exists: False
  sample_directory_exists: True
  source_directory_exists: True
  prior_status: none
  failure_record_presence: False
  retry_count: 0
  retry_exhausted: False
  resume_skip_reason: 
  final_should_schedule: True
  exact_exclusion_reason: 
UID benchmark_extension_v1_case12_sample_000005: scheduled because durable label is missing
  y_path_string: 
  resolved_y_path: /Users/jihojun/chiptherm/data/runs/benchmarks/benchmark_extension_v1/pilot/case12/sample_000005/parsed/temp_layer0.npy
  path_y_exists: False
  sample_directory_exists: True
  source_directory_exists: True
  prior_status: none
  failure_record_presence: False
  retry_count: 0
  retry_exhausted: False
  resume_skip_reason: 
  final_should_schedule: True
  exact_exclusion_reason: 
UID benchmark_extension_v1_case12_sample_000006: scheduled because durable label is missing
  y_path_string: 
  resolved_y_path: /Users/jihojun/chiptherm/data/runs/benchmarks/benchmark_extension_v1/pilot/case12/sample_000006/parsed/temp_layer0.npy
  path_y_exists: False
  sample_directory_exists: True
  source_directory_exists: True
  prior_status: none
  failure_record_presence: False
  retry_count: 0
  retry_exhausted: False
  resume_skip_reason: 
  final_should_schedule: True
  exact_exclusion_reason: 
UID benchmark_extension_v1_case12_sample_000007: scheduled because durable label is missing
  y_path_string: 
  resolved_y_path: /Users/jihojun/chiptherm/data/runs/benchmarks/benchmark_extension_v1/pilot/case12/sample_000007/parsed/temp_layer0.npy
  path_y_exists: False
  sample_directory_exists: True
  source_directory_exists: True
  prior_status: none
  failure_record_presence: False
  retry_count: 0
  retry_exhausted: False
  resume_skip_reason: 
  final_should_schedule: True
  exact_exclusion_reason: 
UID benchmark_extension_v1_case12_sample_000008: scheduled because durable label is missing
  y_path_string: 
  resolved_y_path: /Users/jihojun/chiptherm/data/runs/benchmarks/benchmark_extension_v1/pilot/case12/sample_000008/parsed/temp_layer0.npy
  path_y_exists: False
  sample_directory_exists: True
  source_directory_exists: True
  prior_status: none
  failure_record_presence: False
  retry_count: 0
  retry_exhausted: False
  resume_skip_reason: 
  final_should_schedule: True
  exact_exclusion_reason: 
UID benchmark_extension_v1_case12_sample_000009: scheduled because durable label is missing
  y_path_string: 
  resolved_y_path: /Users/jihojun/chiptherm/data/runs/benchmarks/benchmark_extension_v1/pilot/case12/sample_000009/parsed/temp_layer0.npy
  path_y_exists: False
  sample_directory_exists: True
  source_directory_exists: True
  prior_status: none
  failure_record_presence: False
  retry_count: 0
  retry_exhausted: False
  resume_skip_reason: 
  final_should_schedule: True
  exact_exclusion_reason: 
UID benchmark_extension_v1_case12_sample_000010: scheduled because durable label is missing
  y_path_string: 
  resolved_y_path: /Users/jihojun/chiptherm/data/runs/benchmarks/benchmark_extension_v1/pilot/case12/sample_000010/parsed/temp_layer0.npy
  path_y_exists: False
  sample_directory_exists: True
  source_directory_exists: True
  prior_status: none
  failure_record_presence: False
  retry_count: 0
  retry_exhausted: False
  resume_skip_reason: 
  final_should_schedule: True
  exact_exclusion_reason: 
UID benchmark_extension_v1_case12_sample_000011: scheduled because durable label is missing
  y_path_string: 
  resolved_y_path: /Users/jihojun/chiptherm/data/runs/benchmarks/benchmark_extension_v1/pilot/case12/sample_000011/parsed/temp_layer0.npy
  path_y_exists: False
  sample_directory_exists: True
  source_directory_exists: True
  prior_status: none
  failure_record_presence: False
  retry_count: 0
  retry_exhausted: False
  resume_skip_reason: 
  final_should_schedule: True
  exact_exclusion_reason: 
UID benchmark_extension_v1_case12_sample_000012: generated valid source on attempt 1 (candidate_seed=2227263735771163)
UID benchmark_extension_v1_case12_sample_000012: scheduled because durable label is missing
  y_path_string: 
  resolved_y_path: /Users/jihojun/chiptherm/data/runs/benchmarks/benchmark_extension_v1/pilot/case12/sample_000012/parsed/temp_layer0.npy
  path_y_exists: False
  sample_directory_exists: True
  source_directory_exists: True
  prior_status: none
  failure_record_presence: False
  retry_count: 0
  retry_exhausted: False
  resume_skip_reason: 
  final_should_schedule: True
  exact_exclusion_reason: 
UID benchmark_extension_v1_case12_sample_000013: scheduled because durable label is missing
  y_path_string: 
  resolved_y_path: /Users/jihojun/chiptherm/data/runs/benchmarks/benchmark_extension_v1/pilot/case12/sample_000013/parsed/temp_layer0.npy
  path_y_exists: False
  sample_directory_exists: True
  source_directory_exists: True
  prior_status: none
  failure_record_presence: False
  retry_count: 0
  retry_exhausted: False
  resume_skip_reason: 
  final_should_schedule: True
  exact_exclusion_reason: 
UID benchmark_extension_v1_case12_sample_000014: scheduled because durable label is missing
  y_path_string: 
  resolved_y_path: /Users/jihojun/chiptherm/data/runs/benchmarks/benchmark_extension_v1/pilot/case12/sample_000014/parsed/temp_layer0.npy
  path_y_exists: False
  sample_directory_exists: True
  source_directory_exists: True
  prior_status: none
  failure_record_presence: False
  retry_count: 0
  retry_exhausted: False
  resume_skip_reason: 
  final_should_schedule: True
  exact_exclusion_reason: 
UID benchmark_extension_v1_case12_sample_000015: scheduled because durable label is missing
  y_path_string: 
  resolved_y_path: /Users/jihojun/chiptherm/data/runs/benchmarks/benchmark_extension_v1/pilot/case12/sample_000015/parsed/temp_layer0.npy
  path_y_exists: False
  sample_directory_exists: True
  source_directory_exists: True
  prior_status: none
  failure_record_presence: False
  retry_count: 0
  retry_exhausted: False
  resume_skip_reason: 
  final_should_schedule: True
  exact_exclusion_reason: 
UID benchmark_extension_v1_case12_sample_000016: scheduled because durable label is missing
  y_path_string: 
  resolved_y_path: /Users/jihojun/chiptherm/data/runs/benchmarks/benchmark_extension_v1/pilot/case12/sample_000016/parsed/temp_layer0.npy
  path_y_exists: False
  sample_directory_exists: True
  source_directory_exists: True
  prior_status: none
  failure_record_presence: False
  retry_count: 0
  retry_exhausted: False
  resume_skip_reason: 
  final_should_schedule: True
  exact_exclusion_reason: 
UID benchmark_extension_v1_case12_sample_000017: scheduled because durable label is missing
  y_path_string: 
  resolved_y_path: /Users/jihojun/chiptherm/data/runs/benchmarks/benchmark_extension_v1/pilot/case12/sample_000017/parsed/temp_layer0.npy
  path_y_exists: False
  sample_directory_exists: True
  source_directory_exists: True
  prior_status: none
  failure_record_presence: False
  retry_count: 0
  retry_exhausted: False
  resume_skip_reason: 
  final_should_schedule: True
  exact_exclusion_reason: 
UID benchmark_extension_v1_case12_sample_000018: scheduled because durable label is missing
  y_path_string: 
  resolved_y_path: /Users/jihojun/chiptherm/data/runs/benchmarks/benchmark_extension_v1/pilot/case12/sample_000018/parsed/temp_layer0.npy
  path_y_exists: False
  sample_directory_exists: True
  source_directory_exists: True
  prior_status: none
  failure_record_presence: False
  retry_count: 0
  retry_exhausted: False
  resume_skip_reason: 
  final_should_schedule: True
  exact_exclusion_reason: 
UID benchmark_extension_v1_case12_sample_000019: scheduled because durable label is missing
  y_path_string: 
  resolved_y_path: /Users/jihojun/chiptherm/data/runs/benchmarks/benchmark_extension_v1/pilot/case12/sample_000019/parsed/temp_layer0.npy
  path_y_exists: False
  sample_directory_exists: True
  source_directory_exists: True
  prior_status: none
  failure_record_presence: False
  retry_count: 0
  retry_exhausted: False
  resume_skip_reason: 
  final_should_schedule: True
  exact_exclusion_reason: 
UID benchmark_extension_v1_case12_sample_000020: scheduled because durable label is missing
  y_path_string: 
  resolved_y_path: /Users/jihojun/chiptherm/data/runs/benchmarks/benchmark_extension_v1/pilot/case12/sample_000020/parsed/temp_layer0.npy
  path_y_exists: False
  sample_directory_exists: True
  source_directory_exists: True
  prior_status: none
  failure_record_presence: False
  retry_count: 0
  retry_exhausted: False
  resume_skip_reason: 
  final_should_schedule: True
  exact_exclusion_reason: 
UID benchmark_extension_v1_case12_sample_000021: generated valid source on attempt 2 (candidate_seed=2227263745771191)
UID benchmark_extension_v1_case12_sample_000021: scheduled because durable label is missing
  y_path_string: 
  resolved_y_path: /Users/jihojun/chiptherm/data/runs/benchmarks/benchmark_extension_v1/pilot/case12/sample_000021/parsed/temp_layer0.npy
  path_y_exists: False
  sample_directory_exists: True
  source_directory_exists: True
  prior_status: none
  failure_record_presence: False
  retry_count: 0
  retry_exhausted: False
  resume_skip_reason: 
  final_should_schedule: True
  exact_exclusion_reason: 
UID benchmark_extension_v1_case12_sample_000022: scheduled because durable label is missing
  y_path_string: 
  resolved_y_path: /Users/jihojun/chiptherm/data/runs/benchmarks/benchmark_extension_v1/pilot/case12/sample_000022/parsed/temp_layer0.npy
  path_y_exists: False
  sample_directory_exists: True
  source_directory_exists: True
  prior_status: none
  failure_record_presence: False
  retry_count: 0
  retry_exhausted: False
  resume_skip_reason: 
  final_should_schedule: True
  exact_exclusion_reason: 
UID benchmark_extension_v1_case12_sample_000023: scheduled because durable label is missing
  y_path_string: 
  resolved_y_path: /Users/jihojun/chiptherm/data/runs/benchmarks/benchmark_extension_v1/pilot/case12/sample_000023/parsed/temp_layer0.npy
  path_y_exists: False
  sample_directory_exists: True
  source_directory_exists: True
  prior_status: none
  failure_record_presence: False
  retry_count: 0
  retry_exhausted: False
  resume_skip_reason: 
  final_should_schedule: True
  exact_exclusion_reason: 
UID benchmark_extension_v1_case12_sample_000024: scheduled because durable label is missing
  y_path_string: 
  resolved_y_path: /Users/jihojun/chiptherm/data/runs/benchmarks/benchmark_extension_v1/pilot/case12/sample_000024/parsed/temp_layer0.npy
  path_y_exists: False
  sample_directory_exists: True
  source_directory_exists: True
  prior_status: none
  failure_record_presence: False
  retry_count: 0
  retry_exhausted: False
  resume_skip_reason: 
  final_should_schedule: True
  exact_exclusion_reason: 
UID benchmark_extension_v1_case12_sample_000025: generated valid source on attempt 1 (candidate_seed=2227263735771176)
UID benchmark_extension_v1_case12_sample_000025: scheduled because durable label is missing
  y_path_string: 
  resolved_y_path: /Users/jihojun/chiptherm/data/runs/benchmarks/benchmark_extension_v1/pilot/case12/sample_000025/parsed/temp_layer0.npy
  path_y_exists: False
  sample_directory_exists: True
  source_directory_exists: True
  prior_status: none
  failure_record_presence: False
  retry_count: 0
  retry_exhausted: False
  resume_skip_reason: 
  final_should_schedule: True
  exact_exclusion_reason: 
UID benchmark_extension_v1_case12_sample_000026: scheduled because durable label is missing
  y_path_string: 
  resolved_y_path: /Users/jihojun/chiptherm/data/runs/benchmarks/benchmark_extension_v1/pilot/case12/sample_000026/parsed/temp_layer0.npy
  path_y_exists: False
  sample_directory_exists: True
  source_directory_exists: True
  prior_status: none
  failure_record_presence: False
  retry_count: 0
  retry_exhausted: False
  resume_skip_reason: 
  final_should_schedule: True
  exact_exclusion_reason: 
UID benchmark_extension_v1_case12_sample_000027: scheduled because durable label is missing
  y_path_string: 
  resolved_y_path: /Users/jihojun/chiptherm/data/runs/benchmarks/benchmark_extension_v1/pilot/case12/sample_000027/parsed/temp_layer0.npy
  path_y_exists: False
  sample_directory_exists: True
  source_directory_exists: True
  prior_status: none
  failure_record_presence: False
  retry_count: 0
  retry_exhausted: False
  resume_skip_reason: 
  final_should_schedule: True
  exact_exclusion_reason: 
UID benchmark_extension_v1_case12_sample_000028: scheduled because durable label is missing
  y_path_string: 
  resolved_y_path: /Users/jihojun/chiptherm/data/runs/benchmarks/benchmark_extension_v1/pilot/case12/sample_000028/parsed/temp_layer0.npy
  path_y_exists: False
  sample_directory_exists: True
  source_directory_exists: True
  prior_status: none
  failure_record_presence: False
  retry_count: 0
  retry_exhausted: False
  resume_skip_reason: 
  final_should_schedule: True
  exact_exclusion_reason: 
UID benchmark_extension_v1_case12_sample_000029: generated valid source on attempt 1 (candidate_seed=2227263735771180)
UID benchmark_extension_v1_case12_sample_000029: scheduled because durable label is missing
  y_path_string: 
  resolved_y_path: /Users/jihojun/chiptherm/data/runs/benchmarks/benchmark_extension_v1/pilot/case12/sample_000029/parsed/temp_layer0.npy
  path_y_exists: False
  sample_directory_exists: True
  source_directory_exists: True
  prior_status: none
  failure_record_presence: False
  retry_count: 0
  retry_exhausted: False
  resume_skip_reason: 
  final_should_schedule: True
  exact_exclusion_reason: 
UID benchmark_extension_v1_case12_sample_000030: generated valid source on attempt 1 (candidate_seed=2227263735771181)
UID benchmark_extension_v1_case12_sample_000030: scheduled because durable label is missing
  y_path_string: 
  resolved_y_path: /Users/jihojun/chiptherm/data/runs/benchmarks/benchmark_extension_v1/pilot/case12/sample_000030/parsed/temp_layer0.npy
  path_y_exists: False
  sample_directory_exists: True
  source_directory_exists: True
  prior_status: none
  failure_record_presence: False
  retry_count: 0
  retry_exhausted: False
  resume_skip_reason: 
  final_should_schedule: True
  exact_exclusion_reason: 
UID benchmark_extension_v1_case12_sample_000031: scheduled because durable label is missing
  y_path_string: 
  resolved_y_path: /Users/jihojun/chiptherm/data/runs/benchmarks/benchmark_extension_v1/pilot/case12/sample_000031/parsed/temp_layer0.npy
  path_y_exists: False
  sample_directory_exists: True
  source_directory_exists: True
  prior_status: none
  failure_record_presence: False
  retry_count: 0
  retry_exhausted: False
  resume_skip_reason: 
  final_should_schedule: True
  exact_exclusion_reason: 
UID benchmark_extension_v1_case12_sample_000032: scheduled because durable label is missing
  y_path_string: 
  resolved_y_path: /Users/jihojun/chiptherm/data/runs/benchmarks/benchmark_extension_v1/pilot/case12/sample_000032/parsed/temp_layer0.npy
  path_y_exists: False
  sample_directory_exists: True
  source_directory_exists: True
  prior_status: none
  failure_record_presence: False
  retry_count: 0
  retry_exhausted: False
  resume_skip_reason: 
  final_should_schedule: True
  exact_exclusion_reason: 
UID benchmark_extension_v1_case12_sample_000033: scheduled because durable label is missing
  y_path_string: 
  resolved_y_path: /Users/jihojun/chiptherm/data/runs/benchmarks/benchmark_extension_v1/pilot/case12/sample_000033/parsed/temp_layer0.npy
  path_y_exists: False
  sample_directory_exists: True
  source_directory_exists: True
  prior_status: none
  failure_record_presence: False
  retry_count: 0
  retry_exhausted: False
  resume_skip_reason: 
  final_should_schedule: True
  exact_exclusion_reason: 
UID benchmark_extension_v1_case12_sample_000034: scheduled because durable label is missing
  y_path_string: 
  resolved_y_path: /Users/jihojun/chiptherm/data/runs/benchmarks/benchmark_extension_v1/pilot/case12/sample_000034/parsed/temp_layer0.npy
  path_y_exists: False
  sample_directory_exists: True
  source_directory_exists: True
  prior_status: none
  failure_record_presence: False
  retry_count: 0
  retry_exhausted: False
  resume_skip_reason: 
  final_should_schedule: True
  exact_exclusion_reason: 
UID benchmark_extension_v1_case12_sample_000035: scheduled because durable label is missing
  y_path_string: 
  resolved_y_path: /Users/jihojun/chiptherm/data/runs/benchmarks/benchmark_extension_v1/pilot/case12/sample_000035/parsed/temp_layer0.npy
  path_y_exists: False
  sample_directory_exists: True
  source_directory_exists: True
  prior_status: none
  failure_record_presence: False
  retry_count: 0
  retry_exhausted: False
  resume_skip_reason: 
  final_should_schedule: True
  exact_exclusion_reason: 
UID benchmark_extension_v1_case12_sample_000036: scheduled because durable label is missing
  y_path_string: 
  resolved_y_path: /Users/jihojun/chiptherm/data/runs/benchmarks/benchmark_extension_v1/pilot/case12/sample_000036/parsed/temp_layer0.npy
  path_y_exists: False
  sample_directory_exists: True
  source_directory_exists: True
  prior_status: none
  failure_record_presence: False
  retry_count: 0
  retry_exhausted: False
  resume_skip_reason: 
  final_should_schedule: True
  exact_exclusion_reason: 
UID benchmark_extension_v1_case12_sample_000037: scheduled because durable label is missing
  y_path_string: 
  resolved_y_path: /Users/jihojun/chiptherm/data/runs/benchmarks/benchmark_extension_v1/pilot/case12/sample_000037/parsed/temp_layer0.npy
  path_y_exists: False
  sample_directory_exists: True
  source_directory_exists: True
  prior_status: none
  failure_record_presence: False
  retry_count: 0
  retry_exhausted: False
  resume_skip_reason: 
  final_should_schedule: True
  exact_exclusion_reason: 
UID benchmark_extension_v1_case12_sample_000038: generated valid source on attempt 1 (candidate_seed=2227263735771189)
UID benchmark_extension_v1_case12_sample_000038: scheduled because durable label is missing
  y_path_string: 
  resolved_y_path: /Users/jihojun/chiptherm/data/runs/benchmarks/benchmark_extension_v1/pilot/case12/sample_000038/parsed/temp_layer0.npy
  path_y_exists: False
  sample_directory_exists: True
  source_directory_exists: True
  prior_status: none
  failure_record_presence: False
  retry_count: 0
  retry_exhausted: False
  resume_skip_reason: 
  final_should_schedule: True
  exact_exclusion_reason: 
UID benchmark_extension_v1_case12_sample_000039: scheduled because durable label is missing
  y_path_string: 
  resolved_y_path: /Users/jihojun/chiptherm/data/runs/benchmarks/benchmark_extension_v1/pilot/case12/sample_000039/parsed/temp_layer0.npy
  path_y_exists: False
  sample_directory_exists: True
  source_directory_exists: True
  prior_status: none
  failure_record_presence: False
  retry_count: 0
  retry_exhausted: False
  resume_skip_reason: 
  final_should_schedule: True
  exact_exclusion_reason: 
UID benchmark_extension_v1_case12_sample_000040: generated valid source on attempt 1 (candidate_seed=2227263735771191)
UID benchmark_extension_v1_case12_sample_000040: scheduled because durable label is missing
  y_path_string: 
  resolved_y_path: /Users/jihojun/chiptherm/data/runs/benchmarks/benchmark_extension_v1/pilot/case12/sample_000040/parsed/temp_layer0.npy
  path_y_exists: False
  sample_directory_exists: True
  source_directory_exists: True
  prior_status: none
  failure_record_presence: False
  retry_count: 0
  retry_exhausted: False
  resume_skip_reason: 
  final_should_schedule: True
  exact_exclusion_reason: 
UID benchmark_extension_v1_case12_sample_000041: scheduled because durable label is missing
  y_path_string: 
  resolved_y_path: /Users/jihojun/chiptherm/data/runs/benchmarks/benchmark_extension_v1/pilot/case12/sample_000041/parsed/temp_layer0.npy
  path_y_exists: False
  sample_directory_exists: True
  source_directory_exists: True
  prior_status: none
  failure_record_presence: False
  retry_count: 0
  retry_exhausted: False
  resume_skip_reason: 
  final_should_schedule: True
  exact_exclusion_reason: 
UID benchmark_extension_v1_case12_sample_000042: scheduled because durable label is missing
  y_path_string: 
  resolved_y_path: /Users/jihojun/chiptherm/data/runs/benchmarks/benchmark_extension_v1/pilot/case12/sample_000042/parsed/temp_layer0.npy
  path_y_exists: False
  sample_directory_exists: True
  source_directory_exists: True
  prior_status: none
  failure_record_presence: False
  retry_count: 0
  retry_exhausted: False
  resume_skip_reason: 
  final_should_schedule: True
  exact_exclusion_reason: 
UID benchmark_extension_v1_case12_sample_000043: scheduled because durable label is missing
  y_path_string: 
  resolved_y_path: /Users/jihojun/chiptherm/data/runs/benchmarks/benchmark_extension_v1/pilot/case12/sample_000043/parsed/temp_layer0.npy
  path_y_exists: False
  sample_directory_exists: True
  source_directory_exists: True
  prior_status: none
  failure_record_presence: False
  retry_count: 0
  retry_exhausted: False
  resume_skip_reason: 
  final_should_schedule: True
  exact_exclusion_reason: 
UID benchmark_extension_v1_case12_sample_000044: scheduled because durable label is missing
  y_path_string: 
  resolved_y_path: /Users/jihojun/chiptherm/data/runs/benchmarks/benchmark_extension_v1/pilot/case12/sample_000044/parsed/temp_layer0.npy
  path_y_exists: False
  sample_directory_exists: True
  source_directory_exists: True
  prior_status: none
  failure_record_presence: False
  retry_count: 0
  retry_exhausted: False
  resume_skip_reason: 
  final_should_schedule: True
  exact_exclusion_reason: 
UID benchmark_extension_v1_case12_sample_000045: scheduled because durable label is missing
  y_path_string: 
  resolved_y_path: /Users/jihojun/chiptherm/data/runs/benchmarks/benchmark_extension_v1/pilot/case12/sample_000045/parsed/temp_layer0.npy
  path_y_exists: False
  sample_directory_exists: True
  source_directory_exists: True
  prior_status: none
  failure_record_presence: False
  retry_count: 0
  retry_exhausted: False
  resume_skip_reason: 
  final_should_schedule: True
  exact_exclusion_reason: 
UID benchmark_extension_v1_case12_sample_000046: scheduled because durable label is missing
  y_path_string: 
  resolved_y_path: /Users/jihojun/chiptherm/data/runs/benchmarks/benchmark_extension_v1/pilot/case12/sample_000046/parsed/temp_layer0.npy
  path_y_exists: False
  sample_directory_exists: True
  source_directory_exists: True
  prior_status: none
  failure_record_presence: False
  retry_count: 0
  retry_exhausted: False
  resume_skip_reason: 
  final_should_schedule: True
  exact_exclusion_reason: 
UID benchmark_extension_v1_case12_sample_000047: scheduled because durable label is missing
  y_path_string: 
  resolved_y_path: /Users/jihojun/chiptherm/data/runs/benchmarks/benchmark_extension_v1/pilot/case12/sample_000047/parsed/temp_layer0.npy
  path_y_exists: False
  sample_directory_exists: True
  source_directory_exists: True
  prior_status: none
  failure_record_presence: False
  retry_count: 0
  retry_exhausted: False
  resume_skip_reason: 
  final_should_schedule: True
  exact_exclusion_reason: 
UID benchmark_extension_v1_case12_sample_000048: scheduled because durable label is missing
  y_path_string: 
  resolved_y_path: /Users/jihojun/chiptherm/data/runs/benchmarks/benchmark_extension_v1/pilot/case12/sample_000048/parsed/temp_layer0.npy
  path_y_exists: False
  sample_directory_exists: True
  source_directory_exists: True
  prior_status: none
  failure_record_presence: False
  retry_count: 0
  retry_exhausted: False
  resume_skip_reason: 
  final_should_schedule: True
  exact_exclusion_reason: 
UID benchmark_extension_v1_case12_sample_000049: generated valid source on attempt 1 (candidate_seed=2227263735771200)
UID benchmark_extension_v1_case12_sample_000049: scheduled because durable label is missing
  y_path_string: 
  resolved_y_path: /Users/jihojun/chiptherm/data/runs/benchmarks/benchmark_extension_v1/pilot/case12/sample_000049/parsed/temp_layer0.npy
  path_y_exists: False
  sample_directory_exists: True
  source_directory_exists: True
  prior_status: none
  failure_record_presence: False
  retry_count: 0
  retry_exhausted: False
  resume_skip_reason: 
  final_should_schedule: True
  exact_exclusion_reason: 
UID benchmark_extension_v1_case12_sample_000050: scheduled because durable label is missing
  y_path_string: 
  resolved_y_path: /Users/jihojun/chiptherm/data/runs/benchmarks/benchmark_extension_v1/pilot/case12/sample_000050/parsed/temp_layer0.npy
  path_y_exists: False
  sample_directory_exists: True
  source_directory_exists: True
  prior_status: none
  failure_record_presence: False
  retry_count: 0
  retry_exhausted: False
  resume_skip_reason: 
  final_should_schedule: True
  exact_exclusion_reason: 
UID benchmark_extension_v1_case13_sample_000001: scheduled because durable label is missing
  y_path_string: 
  resolved_y_path: /Users/jihojun/chiptherm/data/runs/benchmarks/benchmark_extension_v1/pilot/case13/sample_000001/parsed/temp_layer0.npy
  path_y_exists: False
  sample_directory_exists: True
  source_directory_exists: True
  prior_status: none
  failure_record_presence: False
  retry_count: 0
  retry_exhausted: False
  resume_skip_reason: 
  final_should_schedule: True
  exact_exclusion_reason: 
UID benchmark_extension_v1_case13_sample_000002: scheduled because durable label is missing
  y_path_string: 
  resolved_y_path: /Users/jihojun/chiptherm/data/runs/benchmarks/benchmark_extension_v1/pilot/case13/sample_000002/parsed/temp_layer0.npy
  path_y_exists: False
  sample_directory_exists: True
  source_directory_exists: True
  prior_status: none
  failure_record_presence: False
  retry_count: 0
  retry_exhausted: False
  resume_skip_reason: 
  final_should_schedule: True
  exact_exclusion_reason: 
UID benchmark_extension_v1_case13_sample_000003: scheduled because durable label is missing
  y_path_string: 
  resolved_y_path: /Users/jihojun/chiptherm/data/runs/benchmarks/benchmark_extension_v1/pilot/case13/sample_000003/parsed/temp_layer0.npy
  path_y_exists: False
  sample_directory_exists: True
  source_directory_exists: True
  prior_status: none
  failure_record_presence: False
  retry_count: 0
  retry_exhausted: False
  resume_skip_reason: 
  final_should_schedule: True
  exact_exclusion_reason: 
UID benchmark_extension_v1_case13_sample_000004: scheduled because durable label is missing
  y_path_string: 
  resolved_y_path: /Users/jihojun/chiptherm/data/runs/benchmarks/benchmark_extension_v1/pilot/case13/sample_000004/parsed/temp_layer0.npy
  path_y_exists: False
  sample_directory_exists: True
  source_directory_exists: True
  prior_status: none
  failure_record_presence: False
  retry_count: 0
  retry_exhausted: False
  resume_skip_reason: 
  final_should_schedule: True
  exact_exclusion_reason: 
UID benchmark_extension_v1_case13_sample_000005: scheduled because durable label is missing
  y_path_string: 
  resolved_y_path: /Users/jihojun/chiptherm/data/runs/benchmarks/benchmark_extension_v1/pilot/case13/sample_000005/parsed/temp_layer0.npy
  path_y_exists: False
  sample_directory_exists: True
  source_directory_exists: True
  prior_status: none
  failure_record_presence: False
  retry_count: 0
  retry_exhausted: False
  resume_skip_reason: 
  final_should_schedule: True
  exact_exclusion_reason: 
UID benchmark_extension_v1_case13_sample_000006: scheduled because durable label is missing
  y_path_string: 
  resolved_y_path: /Users/jihojun/chiptherm/data/runs/benchmarks/benchmark_extension_v1/pilot/case13/sample_000006/parsed/temp_layer0.npy
  path_y_exists: False
  sample_directory_exists: True
  source_directory_exists: True
  prior_status: none
  failure_record_presence: False
  retry_count: 0
  retry_exhausted: False
  resume_skip_reason: 
  final_should_schedule: True
  exact_exclusion_reason: 
UID benchmark_extension_v1_case13_sample_000007: scheduled because durable label is missing
  y_path_string: 
  resolved_y_path: /Users/jihojun/chiptherm/data/runs/benchmarks/benchmark_extension_v1/pilot/case13/sample_000007/parsed/temp_layer0.npy
  path_y_exists: False
  sample_directory_exists: True
  source_directory_exists: True
  prior_status: none
  failure_record_presence: False
  retry_count: 0
  retry_exhausted: False
  resume_skip_reason: 
  final_should_schedule: True
  exact_exclusion_reason: 
UID benchmark_extension_v1_case13_sample_000008: scheduled because durable label is missing
  y_path_string: 
  resolved_y_path: /Users/jihojun/chiptherm/data/runs/benchmarks/benchmark_extension_v1/pilot/case13/sample_000008/parsed/temp_layer0.npy
  path_y_exists: False
  sample_directory_exists: True
  source_directory_exists: True
  prior_status: none
  failure_record_presence: False
  retry_count: 0
  retry_exhausted: False
  resume_skip_reason: 
  final_should_schedule: True
  exact_exclusion_reason: 
UID benchmark_extension_v1_case13_sample_000009: scheduled because durable label is missing
  y_path_string: 
  resolved_y_path: /Users/jihojun/chiptherm/data/runs/benchmarks/benchmark_extension_v1/pilot/case13/sample_000009/parsed/temp_layer0.npy
  path_y_exists: False
  sample_directory_exists: True
  source_directory_exists: True
  prior_status: none
  failure_record_presence: False
  retry_count: 0
  retry_exhausted: False
  resume_skip_reason: 
  final_should_schedule: True
  exact_exclusion_reason: 
UID benchmark_extension_v1_case13_sample_000010: scheduled because durable label is missing
  y_path_string: 
  resolved_y_path: /Users/jihojun/chiptherm/data/runs/benchmarks/benchmark_extension_v1/pilot/case13/sample_000010/parsed/temp_layer0.npy
  path_y_exists: False
  sample_directory_exists: True
  source_directory_exists: True
  prior_status: none
  failure_record_presence: False
  retry_count: 0
  retry_exhausted: False
  resume_skip_reason: 
  final_should_schedule: True
  exact_exclusion_reason: 
UID benchmark_extension_v1_case13_sample_000011: scheduled because durable label is missing
  y_path_string: 
  resolved_y_path: /Users/jihojun/chiptherm/data/runs/benchmarks/benchmark_extension_v1/pilot/case13/sample_000011/parsed/temp_layer0.npy
  path_y_exists: False
  sample_directory_exists: True
  source_directory_exists: True
  prior_status: none
  failure_record_presence: False
  retry_count: 0
  retry_exhausted: False
  resume_skip_reason: 
  final_should_schedule: True
  exact_exclusion_reason: 
UID benchmark_extension_v1_case13_sample_000012: scheduled because durable label is missing
  y_path_string: 
  resolved_y_path: /Users/jihojun/chiptherm/data/runs/benchmarks/benchmark_extension_v1/pilot/case13/sample_000012/parsed/temp_layer0.npy
  path_y_exists: False
  sample_directory_exists: True
  source_directory_exists: True
  prior_status: none
  failure_record_presence: False
  retry_count: 0
  retry_exhausted: False
  resume_skip_reason: 
  final_should_schedule: True
  exact_exclusion_reason: 
UID benchmark_extension_v1_case13_sample_000013: scheduled because durable label is missing
  y_path_string: 
  resolved_y_path: /Users/jihojun/chiptherm/data/runs/benchmarks/benchmark_extension_v1/pilot/case13/sample_000013/parsed/temp_layer0.npy
  path_y_exists: False
  sample_directory_exists: True
  source_directory_exists: True
  prior_status: none
  failure_record_presence: False
  retry_count: 0
  retry_exhausted: False
  resume_skip_reason: 
  final_should_schedule: True
  exact_exclusion_reason: 
UID benchmark_extension_v1_case13_sample_000014: scheduled because durable label is missing
  y_path_string: 
  resolved_y_path: /Users/jihojun/chiptherm/data/runs/benchmarks/benchmark_extension_v1/pilot/case13/sample_000014/parsed/temp_layer0.npy
  path_y_exists: False
  sample_directory_exists: True
  source_directory_exists: True
  prior_status: none
  failure_record_presence: False
  retry_count: 0
  retry_exhausted: False
  resume_skip_reason: 
  final_should_schedule: True
  exact_exclusion_reason: 
UID benchmark_extension_v1_case13_sample_000015: scheduled because durable label is missing
  y_path_string: 
  resolved_y_path: /Users/jihojun/chiptherm/data/runs/benchmarks/benchmark_extension_v1/pilot/case13/sample_000015/parsed/temp_layer0.npy
  path_y_exists: False
  sample_directory_exists: True
  source_directory_exists: True
  prior_status: none
  failure_record_presence: False
  retry_count: 0
  retry_exhausted: False
  resume_skip_reason: 
  final_should_schedule: True
  exact_exclusion_reason: 
UID benchmark_extension_v1_case13_sample_000016: scheduled because durable label is missing
  y_path_string: 
  resolved_y_path: /Users/jihojun/chiptherm/data/runs/benchmarks/benchmark_extension_v1/pilot/case13/sample_000016/parsed/temp_layer0.npy
  path_y_exists: False
  sample_directory_exists: True
  source_directory_exists: True
  prior_status: none
  failure_record_presence: False
  retry_count: 0
  retry_exhausted: False
  resume_skip_reason: 
  final_should_schedule: True
  exact_exclusion_reason: 
UID benchmark_extension_v1_case13_sample_000017: scheduled because durable label is missing
  y_path_string: 
  resolved_y_path: /Users/jihojun/chiptherm/data/runs/benchmarks/benchmark_extension_v1/pilot/case13/sample_000017/parsed/temp_layer0.npy
  path_y_exists: False
  sample_directory_exists: True
  source_directory_exists: True
  prior_status: none
  failure_record_presence: False
  retry_count: 0
  retry_exhausted: False
  resume_skip_reason: 
  final_should_schedule: True
  exact_exclusion_reason: 
UID benchmark_extension_v1_case13_sample_000018: scheduled because durable label is missing
  y_path_string: 
  resolved_y_path: /Users/jihojun/chiptherm/data/runs/benchmarks/benchmark_extension_v1/pilot/case13/sample_000018/parsed/temp_layer0.npy
  path_y_exists: False
  sample_directory_exists: True
  source_directory_exists: True
  prior_status: none
  failure_record_presence: False
  retry_count: 0
  retry_exhausted: False
  resume_skip_reason: 
  final_should_schedule: True
  exact_exclusion_reason: 
UID benchmark_extension_v1_case13_sample_000019: scheduled because durable label is missing
  y_path_string: 
  resolved_y_path: /Users/jihojun/chiptherm/data/runs/benchmarks/benchmark_extension_v1/pilot/case13/sample_000019/parsed/temp_layer0.npy
  path_y_exists: False
  sample_directory_exists: True
  source_directory_exists: True
  prior_status: none
  failure_record_presence: False
  retry_count: 0
  retry_exhausted: False
  resume_skip_reason: 
  final_should_schedule: True
  exact_exclusion_reason: 
UID benchmark_extension_v1_case13_sample_000020: scheduled because durable label is missing
  y_path_string: 
  resolved_y_path: /Users/jihojun/chiptherm/data/runs/benchmarks/benchmark_extension_v1/pilot/case13/sample_000020/parsed/temp_layer0.npy
  path_y_exists: False
  sample_directory_exists: True
  source_directory_exists: True
  prior_status: none
  failure_record_presence: False
  retry_count: 0
  retry_exhausted: False
  resume_skip_reason: 
  final_should_schedule: True
  exact_exclusion_reason: 
UID benchmark_extension_v1_case13_sample_000021: scheduled because durable label is missing
  y_path_string: 
  resolved_y_path: /Users/jihojun/chiptherm/data/runs/benchmarks/benchmark_extension_v1/pilot/case13/sample_000021/parsed/temp_layer0.npy
  path_y_exists: False
  sample_directory_exists: True
  source_directory_exists: True
  prior_status: none
  failure_record_presence: False
  retry_count: 0
  retry_exhausted: False
  resume_skip_reason: 
  final_should_schedule: True
  exact_exclusion_reason: 
UID benchmark_extension_v1_case13_sample_000022: scheduled because durable label is missing
  y_path_string: 
  resolved_y_path: /Users/jihojun/chiptherm/data/runs/benchmarks/benchmark_extension_v1/pilot/case13/sample_000022/parsed/temp_layer0.npy
  path_y_exists: False
  sample_directory_exists: True
  source_directory_exists: True
  prior_status: none
  failure_record_presence: False
  retry_count: 0
  retry_exhausted: False
  resume_skip_reason: 
  final_should_schedule: True
  exact_exclusion_reason: 
UID benchmark_extension_v1_case13_sample_000023: scheduled because durable label is missing
  y_path_string: 
  resolved_y_path: /Users/jihojun/chiptherm/data/runs/benchmarks/benchmark_extension_v1/pilot/case13/sample_000023/parsed/temp_layer0.npy
  path_y_exists: False
  sample_directory_exists: True
  source_directory_exists: True
  prior_status: none
  failure_record_presence: False
  retry_count: 0
  retry_exhausted: False
  resume_skip_reason: 
  final_should_schedule: True
  exact_exclusion_reason: 
UID benchmark_extension_v1_case13_sample_000024: scheduled because durable label is missing
  y_path_string: 
  resolved_y_path: /Users/jihojun/chiptherm/data/runs/benchmarks/benchmark_extension_v1/pilot/case13/sample_000024/parsed/temp_layer0.npy
  path_y_exists: False
  sample_directory_exists: True
  source_directory_exists: True
  prior_status: none
  failure_record_presence: False
  retry_count: 0
  retry_exhausted: False
  resume_skip_reason: 
  final_should_schedule: True
  exact_exclusion_reason: 
UID benchmark_extension_v1_case13_sample_000025: scheduled because durable label is missing
  y_path_string: 
  resolved_y_path: /Users/jihojun/chiptherm/data/runs/benchmarks/benchmark_extension_v1/pilot/case13/sample_000025/parsed/temp_layer0.npy
  path_y_exists: False
  sample_directory_exists: True
  source_directory_exists: True
  prior_status: none
  failure_record_presence: False
  retry_count: 0
  retry_exhausted: False
  resume_skip_reason: 
  final_should_schedule: True
  exact_exclusion_reason: 
UID benchmark_extension_v1_case13_sample_000026: scheduled because durable label is missing
  y_path_string: 
  resolved_y_path: /Users/jihojun/chiptherm/data/runs/benchmarks/benchmark_extension_v1/pilot/case13/sample_000026/parsed/temp_layer0.npy
  path_y_exists: False
  sample_directory_exists: True
  source_directory_exists: True
  prior_status: none
  failure_record_presence: False
  retry_count: 0
  retry_exhausted: False
  resume_skip_reason: 
  final_should_schedule: True
  exact_exclusion_reason: 
UID benchmark_extension_v1_case13_sample_000027: scheduled because durable label is missing
  y_path_string: 
  resolved_y_path: /Users/jihojun/chiptherm/data/runs/benchmarks/benchmark_extension_v1/pilot/case13/sample_000027/parsed/temp_layer0.npy
  path_y_exists: False
  sample_directory_exists: True
  source_directory_exists: True
  prior_status: none
  failure_record_presence: False
  retry_count: 0
  retry_exhausted: False
  resume_skip_reason: 
  final_should_schedule: True
  exact_exclusion_reason: 
UID benchmark_extension_v1_case13_sample_000028: scheduled because durable label is missing
  y_path_string: 
  resolved_y_path: /Users/jihojun/chiptherm/data/runs/benchmarks/benchmark_extension_v1/pilot/case13/sample_000028/parsed/temp_layer0.npy
  path_y_exists: False
  sample_directory_exists: True
  source_directory_exists: True
  prior_status: none
  failure_record_presence: False
  retry_count: 0
  retry_exhausted: False
  resume_skip_reason: 
  final_should_schedule: True
  exact_exclusion_reason: 
UID benchmark_extension_v1_case13_sample_000029: scheduled because durable label is missing
  y_path_string: 
  resolved_y_path: /Users/jihojun/chiptherm/data/runs/benchmarks/benchmark_extension_v1/pilot/case13/sample_000029/parsed/temp_layer0.npy
  path_y_exists: False
  sample_directory_exists: True
  source_directory_exists: True
  prior_status: none
  failure_record_presence: False
  retry_count: 0
  retry_exhausted: False
  resume_skip_reason: 
  final_should_schedule: True
  exact_exclusion_reason: 
UID benchmark_extension_v1_case13_sample_000030: generated valid source on attempt 1 (candidate_seed=2658814847420632)
UID benchmark_extension_v1_case13_sample_000030: scheduled because durable label is missing
  y_path_string: 
  resolved_y_path: /Users/jihojun/chiptherm/data/runs/benchmarks/benchmark_extension_v1/pilot/case13/sample_000030/parsed/temp_layer0.npy
  path_y_exists: False
  sample_directory_exists: True
  source_directory_exists: True
  prior_status: none
  failure_record_presence: False
  retry_count: 0
  retry_exhausted: False
  resume_skip_reason: 
  final_should_schedule: True
  exact_exclusion_reason: 
UID benchmark_extension_v1_case13_sample_000031: scheduled because durable label is missing
  y_path_string: 
  resolved_y_path: /Users/jihojun/chiptherm/data/runs/benchmarks/benchmark_extension_v1/pilot/case13/sample_000031/parsed/temp_layer0.npy
  path_y_exists: False
  sample_directory_exists: True
  source_directory_exists: True
  prior_status: none
  failure_record_presence: False
  retry_count: 0
  retry_exhausted: False
  resume_skip_reason: 
  final_should_schedule: True
  exact_exclusion_reason: 
UID benchmark_extension_v1_case13_sample_000032: scheduled because durable label is missing
  y_path_string: 
  resolved_y_path: /Users/jihojun/chiptherm/data/runs/benchmarks/benchmark_extension_v1/pilot/case13/sample_000032/parsed/temp_layer0.npy
  path_y_exists: False
  sample_directory_exists: True
  source_directory_exists: True
  prior_status: none
  failure_record_presence: False
  retry_count: 0
  retry_exhausted: False
  resume_skip_reason: 
  final_should_schedule: True
  exact_exclusion_reason: 
UID benchmark_extension_v1_case13_sample_000033: scheduled because durable label is missing
  y_path_string: 
  resolved_y_path: /Users/jihojun/chiptherm/data/runs/benchmarks/benchmark_extension_v1/pilot/case13/sample_000033/parsed/temp_layer0.npy
  path_y_exists: False
  sample_directory_exists: True
  source_directory_exists: True
  prior_status: none
  failure_record_presence: False
  retry_count: 0
  retry_exhausted: False
  resume_skip_reason: 
  final_should_schedule: True
  exact_exclusion_reason: 
UID benchmark_extension_v1_case13_sample_000034: scheduled because durable label is missing
  y_path_string: 
  resolved_y_path: /Users/jihojun/chiptherm/data/runs/benchmarks/benchmark_extension_v1/pilot/case13/sample_000034/parsed/temp_layer0.npy
  path_y_exists: False
  sample_directory_exists: True
  source_directory_exists: True
  prior_status: none
  failure_record_presence: False
  retry_count: 0
  retry_exhausted: False
  resume_skip_reason: 
  final_should_schedule: True
  exact_exclusion_reason: 
UID benchmark_extension_v1_case13_sample_000035: scheduled because durable label is missing
  y_path_string: 
  resolved_y_path: /Users/jihojun/chiptherm/data/runs/benchmarks/benchmark_extension_v1/pilot/case13/sample_000035/parsed/temp_layer0.npy
  path_y_exists: False
  sample_directory_exists: True
  source_directory_exists: True
  prior_status: none
  failure_record_presence: False
  retry_count: 0
  retry_exhausted: False
  resume_skip_reason: 
  final_should_schedule: True
  exact_exclusion_reason: 
UID benchmark_extension_v1_case13_sample_000036: scheduled because durable label is missing
  y_path_string: 
  resolved_y_path: /Users/jihojun/chiptherm/data/runs/benchmarks/benchmark_extension_v1/pilot/case13/sample_000036/parsed/temp_layer0.npy
  path_y_exists: False
  sample_directory_exists: True
  source_directory_exists: True
  prior_status: none
  failure_record_presence: False
  retry_count: 0
  retry_exhausted: False
  resume_skip_reason: 
  final_should_schedule: True
  exact_exclusion_reason: 
UID benchmark_extension_v1_case13_sample_000037: scheduled because durable label is missing
  y_path_string: 
  resolved_y_path: /Users/jihojun/chiptherm/data/runs/benchmarks/benchmark_extension_v1/pilot/case13/sample_000037/parsed/temp_layer0.npy
  path_y_exists: False
  sample_directory_exists: True
  source_directory_exists: True
  prior_status: none
  failure_record_presence: False
  retry_count: 0
  retry_exhausted: False
  resume_skip_reason: 
  final_should_schedule: True
  exact_exclusion_reason: 
UID benchmark_extension_v1_case13_sample_000038: scheduled because durable label is missing
  y_path_string: 
  resolved_y_path: /Users/jihojun/chiptherm/data/runs/benchmarks/benchmark_extension_v1/pilot/case13/sample_000038/parsed/temp_layer0.npy
  path_y_exists: False
  sample_directory_exists: True
  source_directory_exists: True
  prior_status: none
  failure_record_presence: False
  retry_count: 0
  retry_exhausted: False
  resume_skip_reason: 
  final_should_schedule: True
  exact_exclusion_reason: 
UID benchmark_extension_v1_case13_sample_000039: scheduled because durable label is missing
  y_path_string: 
  resolved_y_path: /Users/jihojun/chiptherm/data/runs/benchmarks/benchmark_extension_v1/pilot/case13/sample_000039/parsed/temp_layer0.npy
  path_y_exists: False
  sample_directory_exists: True
  source_directory_exists: True
  prior_status: none
  failure_record_presence: False
  retry_count: 0
  retry_exhausted: False
  resume_skip_reason: 
  final_should_schedule: True
  exact_exclusion_reason: 
UID benchmark_extension_v1_case13_sample_000040: scheduled because durable label is missing
  y_path_string: 
  resolved_y_path: /Users/jihojun/chiptherm/data/runs/benchmarks/benchmark_extension_v1/pilot/case13/sample_000040/parsed/temp_layer0.npy
  path_y_exists: False
  sample_directory_exists: True
  source_directory_exists: True
  prior_status: none
  failure_record_presence: False
  retry_count: 0
  retry_exhausted: False
  resume_skip_reason: 
  final_should_schedule: True
  exact_exclusion_reason: 
UID benchmark_extension_v1_case13_sample_000041: scheduled because durable label is missing
  y_path_string: 
  resolved_y_path: /Users/jihojun/chiptherm/data/runs/benchmarks/benchmark_extension_v1/pilot/case13/sample_000041/parsed/temp_layer0.npy
  path_y_exists: False
  sample_directory_exists: True
  source_directory_exists: True
  prior_status: none
  failure_record_presence: False
  retry_count: 0
  retry_exhausted: False
  resume_skip_reason: 
  final_should_schedule: True
  exact_exclusion_reason: 
UID benchmark_extension_v1_case13_sample_000042: scheduled because durable label is missing
  y_path_string: 
  resolved_y_path: /Users/jihojun/chiptherm/data/runs/benchmarks/benchmark_extension_v1/pilot/case13/sample_000042/parsed/temp_layer0.npy
  path_y_exists: False
  sample_directory_exists: True
  source_directory_exists: True
  prior_status: none
  failure_record_presence: False
  retry_count: 0
  retry_exhausted: False
  resume_skip_reason: 
  final_should_schedule: True
  exact_exclusion_reason: 
UID benchmark_extension_v1_case13_sample_000043: scheduled because durable label is missing
  y_path_string: 
  resolved_y_path: /Users/jihojun/chiptherm/data/runs/benchmarks/benchmark_extension_v1/pilot/case13/sample_000043/parsed/temp_layer0.npy
  path_y_exists: False
  sample_directory_exists: True
  source_directory_exists: True
  prior_status: none
  failure_record_presence: False
  retry_count: 0
  retry_exhausted: False
  resume_skip_reason: 
  final_should_schedule: True
  exact_exclusion_reason: 
UID benchmark_extension_v1_case13_sample_000044: scheduled because durable label is missing
  y_path_string: 
  resolved_y_path: /Users/jihojun/chiptherm/data/runs/benchmarks/benchmark_extension_v1/pilot/case13/sample_000044/parsed/temp_layer0.npy
  path_y_exists: False
  sample_directory_exists: True
  source_directory_exists: True
  prior_status: none
  failure_record_presence: False
  retry_count: 0
  retry_exhausted: False
  resume_skip_reason: 
  final_should_schedule: True
  exact_exclusion_reason: 
UID benchmark_extension_v1_case13_sample_000045: scheduled because durable label is missing
  y_path_string: 
  resolved_y_path: /Users/jihojun/chiptherm/data/runs/benchmarks/benchmark_extension_v1/pilot/case13/sample_000045/parsed/temp_layer0.npy
  path_y_exists: False
  sample_directory_exists: True
  source_directory_exists: True
  prior_status: none
  failure_record_presence: False
  retry_count: 0
  retry_exhausted: False
  resume_skip_reason: 
  final_should_schedule: True
  exact_exclusion_reason: 
UID benchmark_extension_v1_case13_sample_000046: scheduled because durable label is missing
  y_path_string: 
  resolved_y_path: /Users/jihojun/chiptherm/data/runs/benchmarks/benchmark_extension_v1/pilot/case13/sample_000046/parsed/temp_layer0.npy
  path_y_exists: False
  sample_directory_exists: True
  source_directory_exists: True
  prior_status: none
  failure_record_presence: False
  retry_count: 0
  retry_exhausted: False
  resume_skip_reason: 
  final_should_schedule: True
  exact_exclusion_reason: 
UID benchmark_extension_v1_case13_sample_000047: scheduled because durable label is missing
  y_path_string: 
  resolved_y_path: /Users/jihojun/chiptherm/data/runs/benchmarks/benchmark_extension_v1/pilot/case13/sample_000047/parsed/temp_layer0.npy
  path_y_exists: False
  sample_directory_exists: True
  source_directory_exists: True
  prior_status: none
  failure_record_presence: False
  retry_count: 0
  retry_exhausted: False
  resume_skip_reason: 
  final_should_schedule: True
  exact_exclusion_reason: 
UID benchmark_extension_v1_case13_sample_000048: scheduled because durable label is missing
  y_path_string: 
  resolved_y_path: /Users/jihojun/chiptherm/data/runs/benchmarks/benchmark_extension_v1/pilot/case13/sample_000048/parsed/temp_layer0.npy
  path_y_exists: False
  sample_directory_exists: True
  source_directory_exists: True
  prior_status: none
  failure_record_presence: False
  retry_count: 0
  retry_exhausted: False
  resume_skip_reason: 
  final_should_schedule: True
  exact_exclusion_reason: 
UID benchmark_extension_v1_case13_sample_000049: scheduled because durable label is missing
  y_path_string: 
  resolved_y_path: /Users/jihojun/chiptherm/data/runs/benchmarks/benchmark_extension_v1/pilot/case13/sample_000049/parsed/temp_layer0.npy
  path_y_exists: False
  sample_directory_exists: True
  source_directory_exists: True
  prior_status: none
  failure_record_presence: False
  retry_count: 0
  retry_exhausted: False
  resume_skip_reason: 
  final_should_schedule: True
  exact_exclusion_reason: 
UID benchmark_extension_v1_case13_sample_000050: scheduled because durable label is missing
  y_path_string: 
  resolved_y_path: /Users/jihojun/chiptherm/data/runs/benchmarks/benchmark_extension_v1/pilot/case13/sample_000050/parsed/temp_layer0.npy
  path_y_exists: False
  sample_directory_exists: True
  source_directory_exists: True
  prior_status: none
  failure_record_presence: False
  retry_count: 0
  retry_exhausted: False
  resume_skip_reason: 
  final_should_schedule: True
  exact_exclusion_reason: 
UID benchmark_extension_v1_case14_sample_000001: scheduled because durable label is missing
  y_path_string: 
  resolved_y_path: /Users/jihojun/chiptherm/data/runs/benchmarks/benchmark_extension_v1/pilot/case14/sample_000001/parsed/temp_layer0.npy
  path_y_exists: False
  sample_directory_exists: True
  source_directory_exists: True
  prior_status: none
  failure_record_presence: False
  retry_count: 0
  retry_exhausted: False
  resume_skip_reason: 
  final_should_schedule: True
  exact_exclusion_reason: 
UID benchmark_extension_v1_case14_sample_000002: scheduled because durable label is missing
  y_path_string: 
  resolved_y_path: /Users/jihojun/chiptherm/data/runs/benchmarks/benchmark_extension_v1/pilot/case14/sample_000002/parsed/temp_layer0.npy
  path_y_exists: False
  sample_directory_exists: True
  source_directory_exists: True
  prior_status: none
  failure_record_presence: False
  retry_count: 0
  retry_exhausted: False
  resume_skip_reason: 
  final_should_schedule: True
  exact_exclusion_reason: 
UID benchmark_extension_v1_case14_sample_000003: scheduled because durable label is missing
  y_path_string: 
  resolved_y_path: /Users/jihojun/chiptherm/data/runs/benchmarks/benchmark_extension_v1/pilot/case14/sample_000003/parsed/temp_layer0.npy
  path_y_exists: False
  sample_directory_exists: True
  source_directory_exists: True
  prior_status: none
  failure_record_presence: False
  retry_count: 0
  retry_exhausted: False
  resume_skip_reason: 
  final_should_schedule: True
  exact_exclusion_reason: 
UID benchmark_extension_v1_case14_sample_000004: scheduled because durable label is missing
  y_path_string: 
  resolved_y_path: /Users/jihojun/chiptherm/data/runs/benchmarks/benchmark_extension_v1/pilot/case14/sample_000004/parsed/temp_layer0.npy
  path_y_exists: False
  sample_directory_exists: True
  source_directory_exists: True
  prior_status: none
  failure_record_presence: False
  retry_count: 0
  retry_exhausted: False
  resume_skip_reason: 
  final_should_schedule: True
  exact_exclusion_reason: 
UID benchmark_extension_v1_case14_sample_000005: scheduled because durable label is missing
  y_path_string: 
  resolved_y_path: /Users/jihojun/chiptherm/data/runs/benchmarks/benchmark_extension_v1/pilot/case14/sample_000005/parsed/temp_layer0.npy
  path_y_exists: False
  sample_directory_exists: True
  source_directory_exists: True
  prior_status: none
  failure_record_presence: False
  retry_count: 0
  retry_exhausted: False
  resume_skip_reason: 
  final_should_schedule: True
  exact_exclusion_reason: 
UID benchmark_extension_v1_case14_sample_000006: scheduled because durable label is missing
  y_path_string: 
  resolved_y_path: /Users/jihojun/chiptherm/data/runs/benchmarks/benchmark_extension_v1/pilot/case14/sample_000006/parsed/temp_layer0.npy
  path_y_exists: False
  sample_directory_exists: True
  source_directory_exists: True
  prior_status: none
  failure_record_presence: False
  retry_count: 0
  retry_exhausted: False
  resume_skip_reason: 
  final_should_schedule: True
  exact_exclusion_reason: 
UID benchmark_extension_v1_case14_sample_000007: scheduled because durable label is missing
  y_path_string: 
  resolved_y_path: /Users/jihojun/chiptherm/data/runs/benchmarks/benchmark_extension_v1/pilot/case14/sample_000007/parsed/temp_layer0.npy
  path_y_exists: False
  sample_directory_exists: True
  source_directory_exists: True
  prior_status: none
  failure_record_presence: False
  retry_count: 0
  retry_exhausted: False
  resume_skip_reason: 
  final_should_schedule: True
  exact_exclusion_reason: 
UID benchmark_extension_v1_case14_sample_000008: scheduled because durable label is missing
  y_path_string: 
  resolved_y_path: /Users/jihojun/chiptherm/data/runs/benchmarks/benchmark_extension_v1/pilot/case14/sample_000008/parsed/temp_layer0.npy
  path_y_exists: False
  sample_directory_exists: True
  source_directory_exists: True
  prior_status: none
  failure_record_presence: False
  retry_count: 0
  retry_exhausted: False
  resume_skip_reason: 
  final_should_schedule: True
  exact_exclusion_reason: 
UID benchmark_extension_v1_case14_sample_000009: scheduled because durable label is missing
  y_path_string: 
  resolved_y_path: /Users/jihojun/chiptherm/data/runs/benchmarks/benchmark_extension_v1/pilot/case14/sample_000009/parsed/temp_layer0.npy
  path_y_exists: False
  sample_directory_exists: True
  source_directory_exists: True
  prior_status: none
  failure_record_presence: False
  retry_count: 0
  retry_exhausted: False
  resume_skip_reason: 
  final_should_schedule: True
  exact_exclusion_reason: 
UID benchmark_extension_v1_case14_sample_000010: scheduled because durable label is missing
  y_path_string: 
  resolved_y_path: /Users/jihojun/chiptherm/data/runs/benchmarks/benchmark_extension_v1/pilot/case14/sample_000010/parsed/temp_layer0.npy
  path_y_exists: False
  sample_directory_exists: True
  source_directory_exists: True
  prior_status: none
  failure_record_presence: False
  retry_count: 0
  retry_exhausted: False
  resume_skip_reason: 
  final_should_schedule: True
  exact_exclusion_reason: 
UID benchmark_extension_v1_case14_sample_000011: scheduled because durable label is missing
  y_path_string: 
  resolved_y_path: /Users/jihojun/chiptherm/data/runs/benchmarks/benchmark_extension_v1/pilot/case14/sample_000011/parsed/temp_layer0.npy
  path_y_exists: False
  sample_directory_exists: True
  source_directory_exists: True
  prior_status: none
  failure_record_presence: False
  retry_count: 0
  retry_exhausted: False
  resume_skip_reason: 
  final_should_schedule: True
  exact_exclusion_reason: 
UID benchmark_extension_v1_case14_sample_000012: scheduled because durable label is missing
  y_path_string: 
  resolved_y_path: /Users/jihojun/chiptherm/data/runs/benchmarks/benchmark_extension_v1/pilot/case14/sample_000012/parsed/temp_layer0.npy
  path_y_exists: False
  sample_directory_exists: True
  source_directory_exists: True
  prior_status: none
  failure_record_presence: False
  retry_count: 0
  retry_exhausted: False
  resume_skip_reason: 
  final_should_schedule: True
  exact_exclusion_reason: 
UID benchmark_extension_v1_case14_sample_000013: scheduled because durable label is missing
  y_path_string: 
  resolved_y_path: /Users/jihojun/chiptherm/data/runs/benchmarks/benchmark_extension_v1/pilot/case14/sample_000013/parsed/temp_layer0.npy
  path_y_exists: False
  sample_directory_exists: True
  source_directory_exists: True
  prior_status: none
  failure_record_presence: False
  retry_count: 0
  retry_exhausted: False
  resume_skip_reason: 
  final_should_schedule: True
  exact_exclusion_reason: 
UID benchmark_extension_v1_case14_sample_000014: scheduled because durable label is missing
  y_path_string: 
  resolved_y_path: /Users/jihojun/chiptherm/data/runs/benchmarks/benchmark_extension_v1/pilot/case14/sample_000014/parsed/temp_layer0.npy
  path_y_exists: False
  sample_directory_exists: True
  source_directory_exists: True
  prior_status: none
  failure_record_presence: False
  retry_count: 0
  retry_exhausted: False
  resume_skip_reason: 
  final_should_schedule: True
  exact_exclusion_reason: 
UID benchmark_extension_v1_case14_sample_000015: scheduled because durable label is missing
  y_path_string: 
  resolved_y_path: /Users/jihojun/chiptherm/data/runs/benchmarks/benchmark_extension_v1/pilot/case14/sample_000015/parsed/temp_layer0.npy
  path_y_exists: False
  sample_directory_exists: True
  source_directory_exists: True
  prior_status: none
  failure_record_presence: False
  retry_count: 0
  retry_exhausted: False
  resume_skip_reason: 
  final_should_schedule: True
  exact_exclusion_reason: 
UID benchmark_extension_v1_case14_sample_000016: scheduled because durable label is missing
  y_path_string: 
  resolved_y_path: /Users/jihojun/chiptherm/data/runs/benchmarks/benchmark_extension_v1/pilot/case14/sample_000016/parsed/temp_layer0.npy
  path_y_exists: False
  sample_directory_exists: True
  source_directory_exists: True
  prior_status: none
  failure_record_presence: False
  retry_count: 0
  retry_exhausted: False
  resume_skip_reason: 
  final_should_schedule: True
  exact_exclusion_reason: 
UID benchmark_extension_v1_case14_sample_000017: scheduled because durable label is missing
  y_path_string: 
  resolved_y_path: /Users/jihojun/chiptherm/data/runs/benchmarks/benchmark_extension_v1/pilot/case14/sample_000017/parsed/temp_layer0.npy
  path_y_exists: False
  sample_directory_exists: True
  source_directory_exists: True
  prior_status: none
  failure_record_presence: False
  retry_count: 0
  retry_exhausted: False
  resume_skip_reason: 
  final_should_schedule: True
  exact_exclusion_reason: 
UID benchmark_extension_v1_case14_sample_000018: scheduled because durable label is missing
  y_path_string: 
  resolved_y_path: /Users/jihojun/chiptherm/data/runs/benchmarks/benchmark_extension_v1/pilot/case14/sample_000018/parsed/temp_layer0.npy
  path_y_exists: False
  sample_directory_exists: True
  source_directory_exists: True
  prior_status: none
  failure_record_presence: False
  retry_count: 0
  retry_exhausted: False
  resume_skip_reason: 
  final_should_schedule: True
  exact_exclusion_reason: 
UID benchmark_extension_v1_case14_sample_000019: scheduled because durable label is missing
  y_path_string: 
  resolved_y_path: /Users/jihojun/chiptherm/data/runs/benchmarks/benchmark_extension_v1/pilot/case14/sample_000019/parsed/temp_layer0.npy
  path_y_exists: False
  sample_directory_exists: True
  source_directory_exists: True
  prior_status: none
  failure_record_presence: False
  retry_count: 0
  retry_exhausted: False
  resume_skip_reason: 
  final_should_schedule: True
  exact_exclusion_reason: 
UID benchmark_extension_v1_case14_sample_000020: scheduled because durable label is missing
  y_path_string: 
  resolved_y_path: /Users/jihojun/chiptherm/data/runs/benchmarks/benchmark_extension_v1/pilot/case14/sample_000020/parsed/temp_layer0.npy
  path_y_exists: False
  sample_directory_exists: True
  source_directory_exists: True
  prior_status: none
  failure_record_presence: False
  retry_count: 0
  retry_exhausted: False
  resume_skip_reason: 
  final_should_schedule: True
  exact_exclusion_reason: 
UID benchmark_extension_v1_case14_sample_000021: scheduled because durable label is missing
  y_path_string: 
  resolved_y_path: /Users/jihojun/chiptherm/data/runs/benchmarks/benchmark_extension_v1/pilot/case14/sample_000021/parsed/temp_layer0.npy
  path_y_exists: False
  sample_directory_exists: True
  source_directory_exists: True
  prior_status: none
  failure_record_presence: False
  retry_count: 0
  retry_exhausted: False
  resume_skip_reason: 
  final_should_schedule: True
  exact_exclusion_reason: 
UID benchmark_extension_v1_case14_sample_000022: scheduled because durable label is missing
  y_path_string: 
  resolved_y_path: /Users/jihojun/chiptherm/data/runs/benchmarks/benchmark_extension_v1/pilot/case14/sample_000022/parsed/temp_layer0.npy
  path_y_exists: False
  sample_directory_exists: True
  source_directory_exists: True
  prior_status: none
  failure_record_presence: False
  retry_count: 0
  retry_exhausted: False
  resume_skip_reason: 
  final_should_schedule: True
  exact_exclusion_reason: 
UID benchmark_extension_v1_case14_sample_000023: scheduled because durable label is missing
  y_path_string: 
  resolved_y_path: /Users/jihojun/chiptherm/data/runs/benchmarks/benchmark_extension_v1/pilot/case14/sample_000023/parsed/temp_layer0.npy
  path_y_exists: False
  sample_directory_exists: True
  source_directory_exists: True
  prior_status: none
  failure_record_presence: False
  retry_count: 0
  retry_exhausted: False
  resume_skip_reason: 
  final_should_schedule: True
  exact_exclusion_reason: 
UID benchmark_extension_v1_case14_sample_000024: scheduled because durable label is missing
  y_path_string: 
  resolved_y_path: /Users/jihojun/chiptherm/data/runs/benchmarks/benchmark_extension_v1/pilot/case14/sample_000024/parsed/temp_layer0.npy
  path_y_exists: False
  sample_directory_exists: True
  source_directory_exists: True
  prior_status: none
  failure_record_presence: False
  retry_count: 0
  retry_exhausted: False
  resume_skip_reason: 
  final_should_schedule: True
  exact_exclusion_reason: 
UID benchmark_extension_v1_case14_sample_000025: scheduled because durable label is missing
  y_path_string: 
  resolved_y_path: /Users/jihojun/chiptherm/data/runs/benchmarks/benchmark_extension_v1/pilot/case14/sample_000025/parsed/temp_layer0.npy
  path_y_exists: False
  sample_directory_exists: True
  source_directory_exists: True
  prior_status: none
  failure_record_presence: False
  retry_count: 0
  retry_exhausted: False
  resume_skip_reason: 
  final_should_schedule: True
  exact_exclusion_reason: 
UID benchmark_extension_v1_case14_sample_000026: scheduled because durable label is missing
  y_path_string: 
  resolved_y_path: /Users/jihojun/chiptherm/data/runs/benchmarks/benchmark_extension_v1/pilot/case14/sample_000026/parsed/temp_layer0.npy
  path_y_exists: False
  sample_directory_exists: True
  source_directory_exists: True
  prior_status: none
  failure_record_presence: False
  retry_count: 0
  retry_exhausted: False
  resume_skip_reason: 
  final_should_schedule: True
  exact_exclusion_reason: 
UID benchmark_extension_v1_case14_sample_000027: scheduled because durable label is missing
  y_path_string: 
  resolved_y_path: /Users/jihojun/chiptherm/data/runs/benchmarks/benchmark_extension_v1/pilot/case14/sample_000027/parsed/temp_layer0.npy
  path_y_exists: False
  sample_directory_exists: True
  source_directory_exists: True
  prior_status: none
  failure_record_presence: False
  retry_count: 0
  retry_exhausted: False
  resume_skip_reason: 
  final_should_schedule: True
  exact_exclusion_reason: 
UID benchmark_extension_v1_case14_sample_000028: scheduled because durable label is missing
  y_path_string: 
  resolved_y_path: /Users/jihojun/chiptherm/data/runs/benchmarks/benchmark_extension_v1/pilot/case14/sample_000028/parsed/temp_layer0.npy
  path_y_exists: False
  sample_directory_exists: True
  source_directory_exists: True
  prior_status: none
  failure_record_presence: False
  retry_count: 0
  retry_exhausted: False
  resume_skip_reason: 
  final_should_schedule: True
  exact_exclusion_reason: 
UID benchmark_extension_v1_case14_sample_000029: scheduled because durable label is missing
  y_path_string: 
  resolved_y_path: /Users/jihojun/chiptherm/data/runs/benchmarks/benchmark_extension_v1/pilot/case14/sample_000029/parsed/temp_layer0.npy
  path_y_exists: False
  sample_directory_exists: True
  source_directory_exists: True
  prior_status: none
  failure_record_presence: False
  retry_count: 0
  retry_exhausted: False
  resume_skip_reason: 
  final_should_schedule: True
  exact_exclusion_reason: 
UID benchmark_extension_v1_case14_sample_000030: scheduled because durable label is missing
  y_path_string: 
  resolved_y_path: /Users/jihojun/chiptherm/data/runs/benchmarks/benchmark_extension_v1/pilot/case14/sample_000030/parsed/temp_layer0.npy
  path_y_exists: False
  sample_directory_exists: True
  source_directory_exists: True
  prior_status: none
  failure_record_presence: False
  retry_count: 0
  retry_exhausted: False
  resume_skip_reason: 
  final_should_schedule: True
  exact_exclusion_reason: 
UID benchmark_extension_v1_case14_sample_000031: scheduled because durable label is missing
  y_path_string: 
  resolved_y_path: /Users/jihojun/chiptherm/data/runs/benchmarks/benchmark_extension_v1/pilot/case14/sample_000031/parsed/temp_layer0.npy
  path_y_exists: False
  sample_directory_exists: True
  source_directory_exists: True
  prior_status: none
  failure_record_presence: False
  retry_count: 0
  retry_exhausted: False
  resume_skip_reason: 
  final_should_schedule: True
  exact_exclusion_reason: 
UID benchmark_extension_v1_case14_sample_000032: scheduled because durable label is missing
  y_path_string: 
  resolved_y_path: /Users/jihojun/chiptherm/data/runs/benchmarks/benchmark_extension_v1/pilot/case14/sample_000032/parsed/temp_layer0.npy
  path_y_exists: False
  sample_directory_exists: True
  source_directory_exists: True
  prior_status: none
  failure_record_presence: False
  retry_count: 0
  retry_exhausted: False
  resume_skip_reason: 
  final_should_schedule: True
  exact_exclusion_reason: 
UID benchmark_extension_v1_case14_sample_000033: scheduled because durable label is missing
  y_path_string: 
  resolved_y_path: /Users/jihojun/chiptherm/data/runs/benchmarks/benchmark_extension_v1/pilot/case14/sample_000033/parsed/temp_layer0.npy
  path_y_exists: False
  sample_directory_exists: True
  source_directory_exists: True
  prior_status: none
  failure_record_presence: False
  retry_count: 0
  retry_exhausted: False
  resume_skip_reason: 
  final_should_schedule: True
  exact_exclusion_reason: 
UID benchmark_extension_v1_case14_sample_000034: scheduled because durable label is missing
  y_path_string: 
  resolved_y_path: /Users/jihojun/chiptherm/data/runs/benchmarks/benchmark_extension_v1/pilot/case14/sample_000034/parsed/temp_layer0.npy
  path_y_exists: False
  sample_directory_exists: True
  source_directory_exists: True
  prior_status: none
  failure_record_presence: False
  retry_count: 0
  retry_exhausted: False
  resume_skip_reason: 
  final_should_schedule: True
  exact_exclusion_reason: 
UID benchmark_extension_v1_case14_sample_000035: generated valid source on attempt 1 (candidate_seed=600778388329782)
UID benchmark_extension_v1_case14_sample_000035: scheduled because durable label is missing
  y_path_string: 
  resolved_y_path: /Users/jihojun/chiptherm/data/runs/benchmarks/benchmark_extension_v1/pilot/case14/sample_000035/parsed/temp_layer0.npy
  path_y_exists: False
  sample_directory_exists: True
  source_directory_exists: True
  prior_status: none
  failure_record_presence: False
  retry_count: 0
  retry_exhausted: False
  resume_skip_reason: 
  final_should_schedule: True
  exact_exclusion_reason: 
UID benchmark_extension_v1_case14_sample_000036: scheduled because durable label is missing
  y_path_string: 
  resolved_y_path: /Users/jihojun/chiptherm/data/runs/benchmarks/benchmark_extension_v1/pilot/case14/sample_000036/parsed/temp_layer0.npy
  path_y_exists: False
  sample_directory_exists: True
  source_directory_exists: True
  prior_status: none
  failure_record_presence: False
  retry_count: 0
  retry_exhausted: False
  resume_skip_reason: 
  final_should_schedule: True
  exact_exclusion_reason: 
UID benchmark_extension_v1_case14_sample_000037: scheduled because durable label is missing
  y_path_string: 
  resolved_y_path: /Users/jihojun/chiptherm/data/runs/benchmarks/benchmark_extension_v1/pilot/case14/sample_000037/parsed/temp_layer0.npy
  path_y_exists: False
  sample_directory_exists: True
  source_directory_exists: True
  prior_status: none
  failure_record_presence: False
  retry_count: 0
  retry_exhausted: False
  resume_skip_reason: 
  final_should_schedule: True
  exact_exclusion_reason: 
UID benchmark_extension_v1_case14_sample_000038: scheduled because durable label is missing
  y_path_string: 
  resolved_y_path: /Users/jihojun/chiptherm/data/runs/benchmarks/benchmark_extension_v1/pilot/case14/sample_000038/parsed/temp_layer0.npy
  path_y_exists: False
  sample_directory_exists: True
  source_directory_exists: True
  prior_status: none
  failure_record_presence: False
  retry_count: 0
  retry_exhausted: False
  resume_skip_reason: 
  final_should_schedule: True
  exact_exclusion_reason: 
UID benchmark_extension_v1_case14_sample_000039: scheduled because durable label is missing
  y_path_string: 
  resolved_y_path: /Users/jihojun/chiptherm/data/runs/benchmarks/benchmark_extension_v1/pilot/case14/sample_000039/parsed/temp_layer0.npy
  path_y_exists: False
  sample_directory_exists: True
  source_directory_exists: True
  prior_status: none
  failure_record_presence: False
  retry_count: 0
  retry_exhausted: False
  resume_skip_reason: 
  final_should_schedule: True
  exact_exclusion_reason: 
UID benchmark_extension_v1_case14_sample_000040: scheduled because durable label is missing
  y_path_string: 
  resolved_y_path: /Users/jihojun/chiptherm/data/runs/benchmarks/benchmark_extension_v1/pilot/case14/sample_000040/parsed/temp_layer0.npy
  path_y_exists: False
  sample_directory_exists: True
  source_directory_exists: True
  prior_status: none
  failure_record_presence: False
  retry_count: 0
  retry_exhausted: False
  resume_skip_reason: 
  final_should_schedule: True
  exact_exclusion_reason: 
UID benchmark_extension_v1_case14_sample_000041: scheduled because durable label is missing
  y_path_string: 
  resolved_y_path: /Users/jihojun/chiptherm/data/runs/benchmarks/benchmark_extension_v1/pilot/case14/sample_000041/parsed/temp_layer0.npy
  path_y_exists: False
  sample_directory_exists: True
  source_directory_exists: True
  prior_status: none
  failure_record_presence: False
  retry_count: 0
  retry_exhausted: False
  resume_skip_reason: 
  final_should_schedule: True
  exact_exclusion_reason: 
UID benchmark_extension_v1_case14_sample_000042: scheduled because durable label is missing
  y_path_string: 
  resolved_y_path: /Users/jihojun/chiptherm/data/runs/benchmarks/benchmark_extension_v1/pilot/case14/sample_000042/parsed/temp_layer0.npy
  path_y_exists: False
  sample_directory_exists: True
  source_directory_exists: True
  prior_status: none
  failure_record_presence: False
  retry_count: 0
  retry_exhausted: False
  resume_skip_reason: 
  final_should_schedule: True
  exact_exclusion_reason: 
UID benchmark_extension_v1_case14_sample_000043: scheduled because durable label is missing
  y_path_string: 
  resolved_y_path: /Users/jihojun/chiptherm/data/runs/benchmarks/benchmark_extension_v1/pilot/case14/sample_000043/parsed/temp_layer0.npy
  path_y_exists: False
  sample_directory_exists: True
  source_directory_exists: True
  prior_status: none
  failure_record_presence: False
  retry_count: 0
  retry_exhausted: False
  resume_skip_reason: 
  final_should_schedule: True
  exact_exclusion_reason: 
UID benchmark_extension_v1_case14_sample_000044: scheduled because durable label is missing
  y_path_string: 
  resolved_y_path: /Users/jihojun/chiptherm/data/runs/benchmarks/benchmark_extension_v1/pilot/case14/sample_000044/parsed/temp_layer0.npy
  path_y_exists: False
  sample_directory_exists: True
  source_directory_exists: True
  prior_status: none
  failure_record_presence: False
  retry_count: 0
  retry_exhausted: False
  resume_skip_reason: 
  final_should_schedule: True
  exact_exclusion_reason: 
UID benchmark_extension_v1_case14_sample_000045: scheduled because durable label is missing
  y_path_string: 
  resolved_y_path: /Users/jihojun/chiptherm/data/runs/benchmarks/benchmark_extension_v1/pilot/case14/sample_000045/parsed/temp_layer0.npy
  path_y_exists: False
  sample_directory_exists: True
  source_directory_exists: True
  prior_status: none
  failure_record_presence: False
  retry_count: 0
  retry_exhausted: False
  resume_skip_reason: 
  final_should_schedule: True
  exact_exclusion_reason: 
UID benchmark_extension_v1_case14_sample_000046: scheduled because durable label is missing
  y_path_string: 
  resolved_y_path: /Users/jihojun/chiptherm/data/runs/benchmarks/benchmark_extension_v1/pilot/case14/sample_000046/parsed/temp_layer0.npy
  path_y_exists: False
  sample_directory_exists: True
  source_directory_exists: True
  prior_status: none
  failure_record_presence: False
  retry_count: 0
  retry_exhausted: False
  resume_skip_reason: 
  final_should_schedule: True
  exact_exclusion_reason: 
UID benchmark_extension_v1_case14_sample_000047: scheduled because durable label is missing
  y_path_string: 
  resolved_y_path: /Users/jihojun/chiptherm/data/runs/benchmarks/benchmark_extension_v1/pilot/case14/sample_000047/parsed/temp_layer0.npy
  path_y_exists: False
  sample_directory_exists: True
  source_directory_exists: True
  prior_status: none
  failure_record_presence: False
  retry_count: 0
  retry_exhausted: False
  resume_skip_reason: 
  final_should_schedule: True
  exact_exclusion_reason: 
UID benchmark_extension_v1_case14_sample_000048: scheduled because durable label is missing
  y_path_string: 
  resolved_y_path: /Users/jihojun/chiptherm/data/runs/benchmarks/benchmark_extension_v1/pilot/case14/sample_000048/parsed/temp_layer0.npy
  path_y_exists: False
  sample_directory_exists: True
  source_directory_exists: True
  prior_status: none
  failure_record_presence: False
  retry_count: 0
  retry_exhausted: False
  resume_skip_reason: 
  final_should_schedule: True
  exact_exclusion_reason: 
UID benchmark_extension_v1_case14_sample_000049: scheduled because durable label is missing
  y_path_string: 
  resolved_y_path: /Users/jihojun/chiptherm/data/runs/benchmarks/benchmark_extension_v1/pilot/case14/sample_000049/parsed/temp_layer0.npy
  path_y_exists: False
  sample_directory_exists: True
  source_directory_exists: True
  prior_status: none
  failure_record_presence: False
  retry_count: 0
  retry_exhausted: False
  resume_skip_reason: 
  final_should_schedule: True
  exact_exclusion_reason: 
UID benchmark_extension_v1_case14_sample_000050: scheduled because durable label is missing
  y_path_string: 
  resolved_y_path: /Users/jihojun/chiptherm/data/runs/benchmarks/benchmark_extension_v1/pilot/case14/sample_000050/parsed/temp_layer0.npy
  path_y_exists: False
  sample_directory_exists: True
  source_directory_exists: True
  prior_status: none
  failure_record_presence: False
  retry_count: 0
  retry_exhausted: False
  resume_skip_reason: 
  final_should_schedule: True
  exact_exclusion_reason: 
UID benchmark_extension_v1_case15_sample_000001: scheduled because durable label is missing
  y_path_string: 
  resolved_y_path: /Users/jihojun/chiptherm/data/runs/benchmarks/benchmark_extension_v1/pilot/case15/sample_000001/parsed/temp_layer0.npy
  path_y_exists: False
  sample_directory_exists: True
  source_directory_exists: True
  prior_status: none
  failure_record_presence: False
  retry_count: 0
  retry_exhausted: False
  resume_skip_reason: 
  final_should_schedule: True
  exact_exclusion_reason: 
UID benchmark_extension_v1_case15_sample_000002: scheduled because durable label is missing
  y_path_string: 
  resolved_y_path: /Users/jihojun/chiptherm/data/runs/benchmarks/benchmark_extension_v1/pilot/case15/sample_000002/parsed/temp_layer0.npy
  path_y_exists: False
  sample_directory_exists: True
  source_directory_exists: True
  prior_status: none
  failure_record_presence: False
  retry_count: 0
  retry_exhausted: False
  resume_skip_reason: 
  final_should_schedule: True
  exact_exclusion_reason: 
UID benchmark_extension_v1_case15_sample_000003: scheduled because durable label is missing
  y_path_string: 
  resolved_y_path: /Users/jihojun/chiptherm/data/runs/benchmarks/benchmark_extension_v1/pilot/case15/sample_000003/parsed/temp_layer0.npy
  path_y_exists: False
  sample_directory_exists: True
  source_directory_exists: True
  prior_status: none
  failure_record_presence: False
  retry_count: 0
  retry_exhausted: False
  resume_skip_reason: 
  final_should_schedule: True
  exact_exclusion_reason: 
UID benchmark_extension_v1_case15_sample_000004: scheduled because durable label is missing
  y_path_string: 
  resolved_y_path: /Users/jihojun/chiptherm/data/runs/benchmarks/benchmark_extension_v1/pilot/case15/sample_000004/parsed/temp_layer0.npy
  path_y_exists: False
  sample_directory_exists: True
  source_directory_exists: True
  prior_status: none
  failure_record_presence: False
  retry_count: 0
  retry_exhausted: False
  resume_skip_reason: 
  final_should_schedule: True
  exact_exclusion_reason: 
UID benchmark_extension_v1_case15_sample_000005: scheduled because durable label is missing
  y_path_string: 
  resolved_y_path: /Users/jihojun/chiptherm/data/runs/benchmarks/benchmark_extension_v1/pilot/case15/sample_000005/parsed/temp_layer0.npy
  path_y_exists: False
  sample_directory_exists: True
  source_directory_exists: True
  prior_status: none
  failure_record_presence: False
  retry_count: 0
  retry_exhausted: False
  resume_skip_reason: 
  final_should_schedule: True
  exact_exclusion_reason: 
UID benchmark_extension_v1_case15_sample_000006: scheduled because durable label is missing
  y_path_string: 
  resolved_y_path: /Users/jihojun/chiptherm/data/runs/benchmarks/benchmark_extension_v1/pilot/case15/sample_000006/parsed/temp_layer0.npy
  path_y_exists: False
  sample_directory_exists: True
  source_directory_exists: True
  prior_status: none
  failure_record_presence: False
  retry_count: 0
  retry_exhausted: False
  resume_skip_reason: 
  final_should_schedule: True
  exact_exclusion_reason: 
UID benchmark_extension_v1_case15_sample_000007: scheduled because durable label is missing
  y_path_string: 
  resolved_y_path: /Users/jihojun/chiptherm/data/runs/benchmarks/benchmark_extension_v1/pilot/case15/sample_000007/parsed/temp_layer0.npy
  path_y_exists: False
  sample_directory_exists: True
  source_directory_exists: True
  prior_status: none
  failure_record_presence: False
  retry_count: 0
  retry_exhausted: False
  resume_skip_reason: 
  final_should_schedule: True
  exact_exclusion_reason: 
UID benchmark_extension_v1_case15_sample_000008: scheduled because durable label is missing
  y_path_string: 
  resolved_y_path: /Users/jihojun/chiptherm/data/runs/benchmarks/benchmark_extension_v1/pilot/case15/sample_000008/parsed/temp_layer0.npy
  path_y_exists: False
  sample_directory_exists: True
  source_directory_exists: True
  prior_status: none
  failure_record_presence: False
  retry_count: 0
  retry_exhausted: False
  resume_skip_reason: 
  final_should_schedule: True
  exact_exclusion_reason: 
UID benchmark_extension_v1_case15_sample_000009: scheduled because durable label is missing
  y_path_string: 
  resolved_y_path: /Users/jihojun/chiptherm/data/runs/benchmarks/benchmark_extension_v1/pilot/case15/sample_000009/parsed/temp_layer0.npy
  path_y_exists: False
  sample_directory_exists: True
  source_directory_exists: True
  prior_status: none
  failure_record_presence: False
  retry_count: 0
  retry_exhausted: False
  resume_skip_reason: 
  final_should_schedule: True
  exact_exclusion_reason: 
UID benchmark_extension_v1_case15_sample_000010: scheduled because durable label is missing
  y_path_string: 
  resolved_y_path: /Users/jihojun/chiptherm/data/runs/benchmarks/benchmark_extension_v1/pilot/case15/sample_000010/parsed/temp_layer0.npy
  path_y_exists: False
  sample_directory_exists: True
  source_directory_exists: True
  prior_status: none
  failure_record_presence: False
  retry_count: 0
  retry_exhausted: False
  resume_skip_reason: 
  final_should_schedule: True
  exact_exclusion_reason: 
UID benchmark_extension_v1_case15_sample_000011: scheduled because durable label is missing
  y_path_string: 
  resolved_y_path: /Users/jihojun/chiptherm/data/runs/benchmarks/benchmark_extension_v1/pilot/case15/sample_000011/parsed/temp_layer0.npy
  path_y_exists: False
  sample_directory_exists: True
  source_directory_exists: True
  prior_status: none
  failure_record_presence: False
  retry_count: 0
  retry_exhausted: False
  resume_skip_reason: 
  final_should_schedule: True
  exact_exclusion_reason: 
UID benchmark_extension_v1_case15_sample_000012: scheduled because durable label is missing
  y_path_string: 
  resolved_y_path: /Users/jihojun/chiptherm/data/runs/benchmarks/benchmark_extension_v1/pilot/case15/sample_000012/parsed/temp_layer0.npy
  path_y_exists: False
  sample_directory_exists: True
  source_directory_exists: True
  prior_status: none
  failure_record_presence: False
  retry_count: 0
  retry_exhausted: False
  resume_skip_reason: 
  final_should_schedule: True
  exact_exclusion_reason: 
UID benchmark_extension_v1_case15_sample_000013: scheduled because durable label is missing
  y_path_string: 
  resolved_y_path: /Users/jihojun/chiptherm/data/runs/benchmarks/benchmark_extension_v1/pilot/case15/sample_000013/parsed/temp_layer0.npy
  path_y_exists: False
  sample_directory_exists: True
  source_directory_exists: True
  prior_status: none
  failure_record_presence: False
  retry_count: 0
  retry_exhausted: False
  resume_skip_reason: 
  final_should_schedule: True
  exact_exclusion_reason: 
UID benchmark_extension_v1_case15_sample_000014: scheduled because durable label is missing
  y_path_string: 
  resolved_y_path: /Users/jihojun/chiptherm/data/runs/benchmarks/benchmark_extension_v1/pilot/case15/sample_000014/parsed/temp_layer0.npy
  path_y_exists: False
  sample_directory_exists: True
  source_directory_exists: True
  prior_status: none
  failure_record_presence: False
  retry_count: 0
  retry_exhausted: False
  resume_skip_reason: 
  final_should_schedule: True
  exact_exclusion_reason: 
UID benchmark_extension_v1_case15_sample_000015: scheduled because durable label is missing
  y_path_string: 
  resolved_y_path: /Users/jihojun/chiptherm/data/runs/benchmarks/benchmark_extension_v1/pilot/case15/sample_000015/parsed/temp_layer0.npy
  path_y_exists: False
  sample_directory_exists: True
  source_directory_exists: True
  prior_status: none
  failure_record_presence: False
  retry_count: 0
  retry_exhausted: False
  resume_skip_reason: 
  final_should_schedule: True
  exact_exclusion_reason: 
UID benchmark_extension_v1_case15_sample_000016: scheduled because durable label is missing
  y_path_string: 
  resolved_y_path: /Users/jihojun/chiptherm/data/runs/benchmarks/benchmark_extension_v1/pilot/case15/sample_000016/parsed/temp_layer0.npy
  path_y_exists: False
  sample_directory_exists: True
  source_directory_exists: True
  prior_status: none
  failure_record_presence: False
  retry_count: 0
  retry_exhausted: False
  resume_skip_reason: 
  final_should_schedule: True
  exact_exclusion_reason: 
UID benchmark_extension_v1_case15_sample_000017: scheduled because durable label is missing
  y_path_string: 
  resolved_y_path: /Users/jihojun/chiptherm/data/runs/benchmarks/benchmark_extension_v1/pilot/case15/sample_000017/parsed/temp_layer0.npy
  path_y_exists: False
  sample_directory_exists: True
  source_directory_exists: True
  prior_status: none
  failure_record_presence: False
  retry_count: 0
  retry_exhausted: False
  resume_skip_reason: 
  final_should_schedule: True
  exact_exclusion_reason: 
UID benchmark_extension_v1_case15_sample_000018: scheduled because durable label is missing
  y_path_string: 
  resolved_y_path: /Users/jihojun/chiptherm/data/runs/benchmarks/benchmark_extension_v1/pilot/case15/sample_000018/parsed/temp_layer0.npy
  path_y_exists: False
  sample_directory_exists: True
  source_directory_exists: True
  prior_status: none
  failure_record_presence: False
  retry_count: 0
  retry_exhausted: False
  resume_skip_reason: 
  final_should_schedule: True
  exact_exclusion_reason: 
UID benchmark_extension_v1_case15_sample_000019: scheduled because durable label is missing
  y_path_string: 
  resolved_y_path: /Users/jihojun/chiptherm/data/runs/benchmarks/benchmark_extension_v1/pilot/case15/sample_000019/parsed/temp_layer0.npy
  path_y_exists: False
  sample_directory_exists: True
  source_directory_exists: True
  prior_status: none
  failure_record_presence: False
  retry_count: 0
  retry_exhausted: False
  resume_skip_reason: 
  final_should_schedule: True
  exact_exclusion_reason: 
UID benchmark_extension_v1_case15_sample_000020: scheduled because durable label is missing
  y_path_string: 
  resolved_y_path: /Users/jihojun/chiptherm/data/runs/benchmarks/benchmark_extension_v1/pilot/case15/sample_000020/parsed/temp_layer0.npy
  path_y_exists: False
  sample_directory_exists: True
  source_directory_exists: True
  prior_status: none
  failure_record_presence: False
  retry_count: 0
  retry_exhausted: False
  resume_skip_reason: 
  final_should_schedule: True
  exact_exclusion_reason: 
UID benchmark_extension_v1_case15_sample_000021: scheduled because durable label is missing
  y_path_string: 
  resolved_y_path: /Users/jihojun/chiptherm/data/runs/benchmarks/benchmark_extension_v1/pilot/case15/sample_000021/parsed/temp_layer0.npy
  path_y_exists: False
  sample_directory_exists: True
  source_directory_exists: True
  prior_status: none
  failure_record_presence: False
  retry_count: 0
  retry_exhausted: False
  resume_skip_reason: 
  final_should_schedule: True
  exact_exclusion_reason: 
UID benchmark_extension_v1_case15_sample_000022: scheduled because durable label is missing
  y_path_string: 
  resolved_y_path: /Users/jihojun/chiptherm/data/runs/benchmarks/benchmark_extension_v1/pilot/case15/sample_000022/parsed/temp_layer0.npy
  path_y_exists: False
  sample_directory_exists: True
  source_directory_exists: True
  prior_status: none
  failure_record_presence: False
  retry_count: 0
  retry_exhausted: False
  resume_skip_reason: 
  final_should_schedule: True
  exact_exclusion_reason: 
UID benchmark_extension_v1_case15_sample_000023: scheduled because durable label is missing
  y_path_string: 
  resolved_y_path: /Users/jihojun/chiptherm/data/runs/benchmarks/benchmark_extension_v1/pilot/case15/sample_000023/parsed/temp_layer0.npy
  path_y_exists: False
  sample_directory_exists: True
  source_directory_exists: True
  prior_status: none
  failure_record_presence: False
  retry_count: 0
  retry_exhausted: False
  resume_skip_reason: 
  final_should_schedule: True
  exact_exclusion_reason: 
UID benchmark_extension_v1_case15_sample_000024: scheduled because durable label is missing
  y_path_string: 
  resolved_y_path: /Users/jihojun/chiptherm/data/runs/benchmarks/benchmark_extension_v1/pilot/case15/sample_000024/parsed/temp_layer0.npy
  path_y_exists: False
  sample_directory_exists: True
  source_directory_exists: True
  prior_status: none
  failure_record_presence: False
  retry_count: 0
  retry_exhausted: False
  resume_skip_reason: 
  final_should_schedule: True
  exact_exclusion_reason: 
UID benchmark_extension_v1_case15_sample_000025: scheduled because durable label is missing
  y_path_string: 
  resolved_y_path: /Users/jihojun/chiptherm/data/runs/benchmarks/benchmark_extension_v1/pilot/case15/sample_000025/parsed/temp_layer0.npy
  path_y_exists: False
  sample_directory_exists: True
  source_directory_exists: True
  prior_status: none
  failure_record_presence: False
  retry_count: 0
  retry_exhausted: False
  resume_skip_reason: 
  final_should_schedule: True
  exact_exclusion_reason: 
UID benchmark_extension_v1_case15_sample_000026: scheduled because durable label is missing
  y_path_string: 
  resolved_y_path: /Users/jihojun/chiptherm/data/runs/benchmarks/benchmark_extension_v1/pilot/case15/sample_000026/parsed/temp_layer0.npy
  path_y_exists: False
  sample_directory_exists: True
  source_directory_exists: True
  prior_status: none
  failure_record_presence: False
  retry_count: 0
  retry_exhausted: False
  resume_skip_reason: 
  final_should_schedule: True
  exact_exclusion_reason: 
UID benchmark_extension_v1_case15_sample_000027: scheduled because durable label is missing
  y_path_string: 
  resolved_y_path: /Users/jihojun/chiptherm/data/runs/benchmarks/benchmark_extension_v1/pilot/case15/sample_000027/parsed/temp_layer0.npy
  path_y_exists: False
  sample_directory_exists: True
  source_directory_exists: True
  prior_status: none
  failure_record_presence: False
  retry_count: 0
  retry_exhausted: False
  resume_skip_reason: 
  final_should_schedule: True
  exact_exclusion_reason: 
UID benchmark_extension_v1_case15_sample_000028: scheduled because durable label is missing
  y_path_string: 
  resolved_y_path: /Users/jihojun/chiptherm/data/runs/benchmarks/benchmark_extension_v1/pilot/case15/sample_000028/parsed/temp_layer0.npy
  path_y_exists: False
  sample_directory_exists: True
  source_directory_exists: True
  prior_status: none
  failure_record_presence: False
  retry_count: 0
  retry_exhausted: False
  resume_skip_reason: 
  final_should_schedule: True
  exact_exclusion_reason: 
UID benchmark_extension_v1_case15_sample_000029: scheduled because durable label is missing
  y_path_string: 
  resolved_y_path: /Users/jihojun/chiptherm/data/runs/benchmarks/benchmark_extension_v1/pilot/case15/sample_000029/parsed/temp_layer0.npy
  path_y_exists: False
  sample_directory_exists: True
  source_directory_exists: True
  prior_status: none
  failure_record_presence: False
  retry_count: 0
  retry_exhausted: False
  resume_skip_reason: 
  final_should_schedule: True
  exact_exclusion_reason: 
UID benchmark_extension_v1_case15_sample_000030: scheduled because durable label is missing
  y_path_string: 
  resolved_y_path: /Users/jihojun/chiptherm/data/runs/benchmarks/benchmark_extension_v1/pilot/case15/sample_000030/parsed/temp_layer0.npy
  path_y_exists: False
  sample_directory_exists: True
  source_directory_exists: True
  prior_status: none
  failure_record_presence: False
  retry_count: 0
  retry_exhausted: False
  resume_skip_reason: 
  final_should_schedule: True
  exact_exclusion_reason: 
UID benchmark_extension_v1_case15_sample_000031: scheduled because durable label is missing
  y_path_string: 
  resolved_y_path: /Users/jihojun/chiptherm/data/runs/benchmarks/benchmark_extension_v1/pilot/case15/sample_000031/parsed/temp_layer0.npy
  path_y_exists: False
  sample_directory_exists: True
  source_directory_exists: True
  prior_status: none
  failure_record_presence: False
  retry_count: 0
  retry_exhausted: False
  resume_skip_reason: 
  final_should_schedule: True
  exact_exclusion_reason: 
UID benchmark_extension_v1_case15_sample_000032: scheduled because durable label is missing
  y_path_string: 
  resolved_y_path: /Users/jihojun/chiptherm/data/runs/benchmarks/benchmark_extension_v1/pilot/case15/sample_000032/parsed/temp_layer0.npy
  path_y_exists: False
  sample_directory_exists: True
  source_directory_exists: True
  prior_status: none
  failure_record_presence: False
  retry_count: 0
  retry_exhausted: False
  resume_skip_reason: 
  final_should_schedule: True
  exact_exclusion_reason: 
UID benchmark_extension_v1_case15_sample_000033: scheduled because durable label is missing
  y_path_string: 
  resolved_y_path: /Users/jihojun/chiptherm/data/runs/benchmarks/benchmark_extension_v1/pilot/case15/sample_000033/parsed/temp_layer0.npy
  path_y_exists: False
  sample_directory_exists: True
  source_directory_exists: True
  prior_status: none
  failure_record_presence: False
  retry_count: 0
  retry_exhausted: False
  resume_skip_reason: 
  final_should_schedule: True
  exact_exclusion_reason: 
UID benchmark_extension_v1_case15_sample_000034: scheduled because durable label is missing
  y_path_string: 
  resolved_y_path: /Users/jihojun/chiptherm/data/runs/benchmarks/benchmark_extension_v1/pilot/case15/sample_000034/parsed/temp_layer0.npy
  path_y_exists: False
  sample_directory_exists: True
  source_directory_exists: True
  prior_status: none
  failure_record_presence: False
  retry_count: 0
  retry_exhausted: False
  resume_skip_reason: 
  final_should_schedule: True
  exact_exclusion_reason: 
UID benchmark_extension_v1_case15_sample_000035: scheduled because durable label is missing
  y_path_string: 
  resolved_y_path: /Users/jihojun/chiptherm/data/runs/benchmarks/benchmark_extension_v1/pilot/case15/sample_000035/parsed/temp_layer0.npy
  path_y_exists: False
  sample_directory_exists: True
  source_directory_exists: True
  prior_status: none
  failure_record_presence: False
  retry_count: 0
  retry_exhausted: False
  resume_skip_reason: 
  final_should_schedule: True
  exact_exclusion_reason: 
UID benchmark_extension_v1_case15_sample_000036: scheduled because durable label is missing
  y_path_string: 
  resolved_y_path: /Users/jihojun/chiptherm/data/runs/benchmarks/benchmark_extension_v1/pilot/case15/sample_000036/parsed/temp_layer0.npy
  path_y_exists: False
  sample_directory_exists: True
  source_directory_exists: True
  prior_status: none
  failure_record_presence: False
  retry_count: 0
  retry_exhausted: False
  resume_skip_reason: 
  final_should_schedule: True
  exact_exclusion_reason: 
UID benchmark_extension_v1_case15_sample_000037: scheduled because durable label is missing
  y_path_string: 
  resolved_y_path: /Users/jihojun/chiptherm/data/runs/benchmarks/benchmark_extension_v1/pilot/case15/sample_000037/parsed/temp_layer0.npy
  path_y_exists: False
  sample_directory_exists: True
  source_directory_exists: True
  prior_status: none
  failure_record_presence: False
  retry_count: 0
  retry_exhausted: False
  resume_skip_reason: 
  final_should_schedule: True
  exact_exclusion_reason: 
UID benchmark_extension_v1_case15_sample_000038: scheduled because durable label is missing
  y_path_string: 
  resolved_y_path: /Users/jihojun/chiptherm/data/runs/benchmarks/benchmark_extension_v1/pilot/case15/sample_000038/parsed/temp_layer0.npy
  path_y_exists: False
  sample_directory_exists: True
  source_directory_exists: True
  prior_status: none
  failure_record_presence: False
  retry_count: 0
  retry_exhausted: False
  resume_skip_reason: 
  final_should_schedule: True
  exact_exclusion_reason: 
UID benchmark_extension_v1_case15_sample_000039: scheduled because durable label is missing
  y_path_string: 
  resolved_y_path: /Users/jihojun/chiptherm/data/runs/benchmarks/benchmark_extension_v1/pilot/case15/sample_000039/parsed/temp_layer0.npy
  path_y_exists: False
  sample_directory_exists: True
  source_directory_exists: True
  prior_status: none
  failure_record_presence: False
  retry_count: 0
  retry_exhausted: False
  resume_skip_reason: 
  final_should_schedule: True
  exact_exclusion_reason: 
UID benchmark_extension_v1_case15_sample_000040: scheduled because durable label is missing
  y_path_string: 
  resolved_y_path: /Users/jihojun/chiptherm/data/runs/benchmarks/benchmark_extension_v1/pilot/case15/sample_000040/parsed/temp_layer0.npy
  path_y_exists: False
  sample_directory_exists: True
  source_directory_exists: True
  prior_status: none
  failure_record_presence: False
  retry_count: 0
  retry_exhausted: False
  resume_skip_reason: 
  final_should_schedule: True
  exact_exclusion_reason: 
UID benchmark_extension_v1_case15_sample_000041: scheduled because durable label is missing
  y_path_string: 
  resolved_y_path: /Users/jihojun/chiptherm/data/runs/benchmarks/benchmark_extension_v1/pilot/case15/sample_000041/parsed/temp_layer0.npy
  path_y_exists: False
  sample_directory_exists: True
  source_directory_exists: True
  prior_status: none
  failure_record_presence: False
  retry_count: 0
  retry_exhausted: False
  resume_skip_reason: 
  final_should_schedule: True
  exact_exclusion_reason: 
UID benchmark_extension_v1_case15_sample_000042: scheduled because durable label is missing
  y_path_string: 
  resolved_y_path: /Users/jihojun/chiptherm/data/runs/benchmarks/benchmark_extension_v1/pilot/case15/sample_000042/parsed/temp_layer0.npy
  path_y_exists: False
  sample_directory_exists: True
  source_directory_exists: True
  prior_status: none
  failure_record_presence: False
  retry_count: 0
  retry_exhausted: False
  resume_skip_reason: 
  final_should_schedule: True
  exact_exclusion_reason: 
UID benchmark_extension_v1_case15_sample_000043: scheduled because durable label is missing
  y_path_string: 
  resolved_y_path: /Users/jihojun/chiptherm/data/runs/benchmarks/benchmark_extension_v1/pilot/case15/sample_000043/parsed/temp_layer0.npy
  path_y_exists: False
  sample_directory_exists: True
  source_directory_exists: True
  prior_status: none
  failure_record_presence: False
  retry_count: 0
  retry_exhausted: False
  resume_skip_reason: 
  final_should_schedule: True
  exact_exclusion_reason: 
UID benchmark_extension_v1_case15_sample_000044: scheduled because durable label is missing
  y_path_string: 
  resolved_y_path: /Users/jihojun/chiptherm/data/runs/benchmarks/benchmark_extension_v1/pilot/case15/sample_000044/parsed/temp_layer0.npy
  path_y_exists: False
  sample_directory_exists: True
  source_directory_exists: True
  prior_status: none
  failure_record_presence: False
  retry_count: 0
  retry_exhausted: False
  resume_skip_reason: 
  final_should_schedule: True
  exact_exclusion_reason: 
UID benchmark_extension_v1_case15_sample_000045: scheduled because durable label is missing
  y_path_string: 
  resolved_y_path: /Users/jihojun/chiptherm/data/runs/benchmarks/benchmark_extension_v1/pilot/case15/sample_000045/parsed/temp_layer0.npy
  path_y_exists: False
  sample_directory_exists: True
  source_directory_exists: True
  prior_status: none
  failure_record_presence: False
  retry_count: 0
  retry_exhausted: False
  resume_skip_reason: 
  final_should_schedule: True
  exact_exclusion_reason: 
UID benchmark_extension_v1_case15_sample_000046: scheduled because durable label is missing
  y_path_string: 
  resolved_y_path: /Users/jihojun/chiptherm/data/runs/benchmarks/benchmark_extension_v1/pilot/case15/sample_000046/parsed/temp_layer0.npy
  path_y_exists: False
  sample_directory_exists: True
  source_directory_exists: True
  prior_status: none
  failure_record_presence: False
  retry_count: 0
  retry_exhausted: False
  resume_skip_reason: 
  final_should_schedule: True
  exact_exclusion_reason: 
UID benchmark_extension_v1_case15_sample_000047: scheduled because durable label is missing
  y_path_string: 
  resolved_y_path: /Users/jihojun/chiptherm/data/runs/benchmarks/benchmark_extension_v1/pilot/case15/sample_000047/parsed/temp_layer0.npy
  path_y_exists: False
  sample_directory_exists: True
  source_directory_exists: True
  prior_status: none
  failure_record_presence: False
  retry_count: 0
  retry_exhausted: False
  resume_skip_reason: 
  final_should_schedule: True
  exact_exclusion_reason: 
UID benchmark_extension_v1_case15_sample_000048: scheduled because durable label is missing
  y_path_string: 
  resolved_y_path: /Users/jihojun/chiptherm/data/runs/benchmarks/benchmark_extension_v1/pilot/case15/sample_000048/parsed/temp_layer0.npy
  path_y_exists: False
  sample_directory_exists: True
  source_directory_exists: True
  prior_status: none
  failure_record_presence: False
  retry_count: 0
  retry_exhausted: False
  resume_skip_reason: 
  final_should_schedule: True
  exact_exclusion_reason: 
UID benchmark_extension_v1_case15_sample_000049: scheduled because durable label is missing
  y_path_string: 
  resolved_y_path: /Users/jihojun/chiptherm/data/runs/benchmarks/benchmark_extension_v1/pilot/case15/sample_000049/parsed/temp_layer0.npy
  path_y_exists: False
  sample_directory_exists: True
  source_directory_exists: True
  prior_status: none
  failure_record_presence: False
  retry_count: 0
  retry_exhausted: False
  resume_skip_reason: 
  final_should_schedule: True
  exact_exclusion_reason: 
UID benchmark_extension_v1_case15_sample_000050: scheduled because durable label is missing
  y_path_string: 
  resolved_y_path: /Users/jihojun/chiptherm/data/runs/benchmarks/benchmark_extension_v1/pilot/case15/sample_000050/parsed/temp_layer0.npy
  path_y_exists: False
  sample_directory_exists: True
  source_directory_exists: True
  prior_status: none
  failure_record_presence: False
  retry_count: 0
  retry_exhausted: False
  resume_skip_reason: 
  final_should_schedule: True
  exact_exclusion_reason: 
UID benchmark_extension_v1_case16_sample_000001: scheduled because durable label is missing
  y_path_string: 
  resolved_y_path: /Users/jihojun/chiptherm/data/runs/benchmarks/benchmark_extension_v1/pilot/case16/sample_000001/parsed/temp_layer0.npy
  path_y_exists: False
  sample_directory_exists: True
  source_directory_exists: True
  prior_status: none
  failure_record_presence: False
  retry_count: 0
  retry_exhausted: False
  resume_skip_reason: 
  final_should_schedule: True
  exact_exclusion_reason: 
UID benchmark_extension_v1_case16_sample_000002: scheduled because durable label is missing
  y_path_string: 
  resolved_y_path: /Users/jihojun/chiptherm/data/runs/benchmarks/benchmark_extension_v1/pilot/case16/sample_000002/parsed/temp_layer0.npy
  path_y_exists: False
  sample_directory_exists: True
  source_directory_exists: True
  prior_status: none
  failure_record_presence: False
  retry_count: 0
  retry_exhausted: False
  resume_skip_reason: 
  final_should_schedule: True
  exact_exclusion_reason: 
UID benchmark_extension_v1_case16_sample_000003: scheduled because durable label is missing
  y_path_string: 
  resolved_y_path: /Users/jihojun/chiptherm/data/runs/benchmarks/benchmark_extension_v1/pilot/case16/sample_000003/parsed/temp_layer0.npy
  path_y_exists: False
  sample_directory_exists: True
  source_directory_exists: True
  prior_status: none
  failure_record_presence: False
  retry_count: 0
  retry_exhausted: False
  resume_skip_reason: 
  final_should_schedule: True
  exact_exclusion_reason: 
UID benchmark_extension_v1_case16_sample_000004: scheduled because durable label is missing
  y_path_string: 
  resolved_y_path: /Users/jihojun/chiptherm/data/runs/benchmarks/benchmark_extension_v1/pilot/case16/sample_000004/parsed/temp_layer0.npy
  path_y_exists: False
  sample_directory_exists: True
  source_directory_exists: True
  prior_status: none
  failure_record_presence: False
  retry_count: 0
  retry_exhausted: False
  resume_skip_reason: 
  final_should_schedule: True
  exact_exclusion_reason: 
UID benchmark_extension_v1_case16_sample_000005: scheduled because durable label is missing
  y_path_string: 
  resolved_y_path: /Users/jihojun/chiptherm/data/runs/benchmarks/benchmark_extension_v1/pilot/case16/sample_000005/parsed/temp_layer0.npy
  path_y_exists: False
  sample_directory_exists: True
  source_directory_exists: True
  prior_status: none
  failure_record_presence: False
  retry_count: 0
  retry_exhausted: False
  resume_skip_reason: 
  final_should_schedule: True
  exact_exclusion_reason: 
UID benchmark_extension_v1_case16_sample_000006: scheduled because durable label is missing
  y_path_string: 
  resolved_y_path: /Users/jihojun/chiptherm/data/runs/benchmarks/benchmark_extension_v1/pilot/case16/sample_000006/parsed/temp_layer0.npy
  path_y_exists: False
  sample_directory_exists: True
  source_directory_exists: True
  prior_status: none
  failure_record_presence: False
  retry_count: 0
  retry_exhausted: False
  resume_skip_reason: 
  final_should_schedule: True
  exact_exclusion_reason: 
UID benchmark_extension_v1_case16_sample_000007: scheduled because durable label is missing
  y_path_string: 
  resolved_y_path: /Users/jihojun/chiptherm/data/runs/benchmarks/benchmark_extension_v1/pilot/case16/sample_000007/parsed/temp_layer0.npy
  path_y_exists: False
  sample_directory_exists: True
  source_directory_exists: True
  prior_status: none
  failure_record_presence: False
  retry_count: 0
  retry_exhausted: False
  resume_skip_reason: 
  final_should_schedule: True
  exact_exclusion_reason: 
UID benchmark_extension_v1_case16_sample_000008: scheduled because durable label is missing
  y_path_string: 
  resolved_y_path: /Users/jihojun/chiptherm/data/runs/benchmarks/benchmark_extension_v1/pilot/case16/sample_000008/parsed/temp_layer0.npy
  path_y_exists: False
  sample_directory_exists: True
  source_directory_exists: True
  prior_status: none
  failure_record_presence: False
  retry_count: 0
  retry_exhausted: False
  resume_skip_reason: 
  final_should_schedule: True
  exact_exclusion_reason: 
UID benchmark_extension_v1_case16_sample_000009: scheduled because durable label is missing
  y_path_string: 
  resolved_y_path: /Users/jihojun/chiptherm/data/runs/benchmarks/benchmark_extension_v1/pilot/case16/sample_000009/parsed/temp_layer0.npy
  path_y_exists: False
  sample_directory_exists: True
  source_directory_exists: True
  prior_status: none
  failure_record_presence: False
  retry_count: 0
  retry_exhausted: False
  resume_skip_reason: 
  final_should_schedule: True
  exact_exclusion_reason: 
UID benchmark_extension_v1_case16_sample_000010: scheduled because durable label is missing
  y_path_string: 
  resolved_y_path: /Users/jihojun/chiptherm/data/runs/benchmarks/benchmark_extension_v1/pilot/case16/sample_000010/parsed/temp_layer0.npy
  path_y_exists: False
  sample_directory_exists: True
  source_directory_exists: True
  prior_status: none
  failure_record_presence: False
  retry_count: 0
  retry_exhausted: False
  resume_skip_reason: 
  final_should_schedule: True
  exact_exclusion_reason: 
UID benchmark_extension_v1_case16_sample_000011: scheduled because durable label is missing
  y_path_string: 
  resolved_y_path: /Users/jihojun/chiptherm/data/runs/benchmarks/benchmark_extension_v1/pilot/case16/sample_000011/parsed/temp_layer0.npy
  path_y_exists: False
  sample_directory_exists: True
  source_directory_exists: True
  prior_status: none
  failure_record_presence: False
  retry_count: 0
  retry_exhausted: False
  resume_skip_reason: 
  final_should_schedule: True
  exact_exclusion_reason: 
UID benchmark_extension_v1_case16_sample_000012: scheduled because durable label is missing
  y_path_string: 
  resolved_y_path: /Users/jihojun/chiptherm/data/runs/benchmarks/benchmark_extension_v1/pilot/case16/sample_000012/parsed/temp_layer0.npy
  path_y_exists: False
  sample_directory_exists: True
  source_directory_exists: True
  prior_status: none
  failure_record_presence: False
  retry_count: 0
  retry_exhausted: False
  resume_skip_reason: 
  final_should_schedule: True
  exact_exclusion_reason: 
UID benchmark_extension_v1_case16_sample_000013: scheduled because durable label is missing
  y_path_string: 
  resolved_y_path: /Users/jihojun/chiptherm/data/runs/benchmarks/benchmark_extension_v1/pilot/case16/sample_000013/parsed/temp_layer0.npy
  path_y_exists: False
  sample_directory_exists: True
  source_directory_exists: True
  prior_status: none
  failure_record_presence: False
  retry_count: 0
  retry_exhausted: False
  resume_skip_reason: 
  final_should_schedule: True
  exact_exclusion_reason: 
UID benchmark_extension_v1_case16_sample_000014: scheduled because durable label is missing
  y_path_string: 
  resolved_y_path: /Users/jihojun/chiptherm/data/runs/benchmarks/benchmark_extension_v1/pilot/case16/sample_000014/parsed/temp_layer0.npy
  path_y_exists: False
  sample_directory_exists: True
  source_directory_exists: True
  prior_status: none
  failure_record_presence: False
  retry_count: 0
  retry_exhausted: False
  resume_skip_reason: 
  final_should_schedule: True
  exact_exclusion_reason: 
UID benchmark_extension_v1_case16_sample_000015: scheduled because durable label is missing
  y_path_string: 
  resolved_y_path: /Users/jihojun/chiptherm/data/runs/benchmarks/benchmark_extension_v1/pilot/case16/sample_000015/parsed/temp_layer0.npy
  path_y_exists: False
  sample_directory_exists: True
  source_directory_exists: True
  prior_status: none
  failure_record_presence: False
  retry_count: 0
  retry_exhausted: False
  resume_skip_reason: 
  final_should_schedule: True
  exact_exclusion_reason: 
UID benchmark_extension_v1_case16_sample_000016: scheduled because durable label is missing
  y_path_string: 
  resolved_y_path: /Users/jihojun/chiptherm/data/runs/benchmarks/benchmark_extension_v1/pilot/case16/sample_000016/parsed/temp_layer0.npy
  path_y_exists: False
  sample_directory_exists: True
  source_directory_exists: True
  prior_status: none
  failure_record_presence: False
  retry_count: 0
  retry_exhausted: False
  resume_skip_reason: 
  final_should_schedule: True
  exact_exclusion_reason: 
UID benchmark_extension_v1_case16_sample_000017: scheduled because durable label is missing
  y_path_string: 
  resolved_y_path: /Users/jihojun/chiptherm/data/runs/benchmarks/benchmark_extension_v1/pilot/case16/sample_000017/parsed/temp_layer0.npy
  path_y_exists: False
  sample_directory_exists: True
  source_directory_exists: True
  prior_status: none
  failure_record_presence: False
  retry_count: 0
  retry_exhausted: False
  resume_skip_reason: 
  final_should_schedule: True
  exact_exclusion_reason: 
UID benchmark_extension_v1_case16_sample_000018: scheduled because durable label is missing
  y_path_string: 
  resolved_y_path: /Users/jihojun/chiptherm/data/runs/benchmarks/benchmark_extension_v1/pilot/case16/sample_000018/parsed/temp_layer0.npy
  path_y_exists: False
  sample_directory_exists: True
  source_directory_exists: True
  prior_status: none
  failure_record_presence: False
  retry_count: 0
  retry_exhausted: False
  resume_skip_reason: 
  final_should_schedule: True
  exact_exclusion_reason: 
UID benchmark_extension_v1_case16_sample_000019: generated valid source on attempt 1 (candidate_seed=1496558151660994)
UID benchmark_extension_v1_case16_sample_000019: scheduled because durable label is missing
  y_path_string: 
  resolved_y_path: /Users/jihojun/chiptherm/data/runs/benchmarks/benchmark_extension_v1/pilot/case16/sample_000019/parsed/temp_layer0.npy
  path_y_exists: False
  sample_directory_exists: True
  source_directory_exists: True
  prior_status: none
  failure_record_presence: False
  retry_count: 0
  retry_exhausted: False
  resume_skip_reason: 
  final_should_schedule: True
  exact_exclusion_reason: 
UID benchmark_extension_v1_case16_sample_000020: scheduled because durable label is missing
  y_path_string: 
  resolved_y_path: /Users/jihojun/chiptherm/data/runs/benchmarks/benchmark_extension_v1/pilot/case16/sample_000020/parsed/temp_layer0.npy
  path_y_exists: False
  sample_directory_exists: True
  source_directory_exists: True
  prior_status: none
  failure_record_presence: False
  retry_count: 0
  retry_exhausted: False
  resume_skip_reason: 
  final_should_schedule: True
  exact_exclusion_reason: 
UID benchmark_extension_v1_case16_sample_000021: scheduled because durable label is missing
  y_path_string: 
  resolved_y_path: /Users/jihojun/chiptherm/data/runs/benchmarks/benchmark_extension_v1/pilot/case16/sample_000021/parsed/temp_layer0.npy
  path_y_exists: False
  sample_directory_exists: True
  source_directory_exists: True
  prior_status: none
  failure_record_presence: False
  retry_count: 0
  retry_exhausted: False
  resume_skip_reason: 
  final_should_schedule: True
  exact_exclusion_reason: 
UID benchmark_extension_v1_case16_sample_000022: scheduled because durable label is missing
  y_path_string: 
  resolved_y_path: /Users/jihojun/chiptherm/data/runs/benchmarks/benchmark_extension_v1/pilot/case16/sample_000022/parsed/temp_layer0.npy
  path_y_exists: False
  sample_directory_exists: True
  source_directory_exists: True
  prior_status: none
  failure_record_presence: False
  retry_count: 0
  retry_exhausted: False
  resume_skip_reason: 
  final_should_schedule: True
  exact_exclusion_reason: 
UID benchmark_extension_v1_case16_sample_000023: scheduled because durable label is missing
  y_path_string: 
  resolved_y_path: /Users/jihojun/chiptherm/data/runs/benchmarks/benchmark_extension_v1/pilot/case16/sample_000023/parsed/temp_layer0.npy
  path_y_exists: False
  sample_directory_exists: True
  source_directory_exists: True
  prior_status: none
  failure_record_presence: False
  retry_count: 0
  retry_exhausted: False
  resume_skip_reason: 
  final_should_schedule: True
  exact_exclusion_reason: 
UID benchmark_extension_v1_case16_sample_000024: scheduled because durable label is missing
  y_path_string: 
  resolved_y_path: /Users/jihojun/chiptherm/data/runs/benchmarks/benchmark_extension_v1/pilot/case16/sample_000024/parsed/temp_layer0.npy
  path_y_exists: False
  sample_directory_exists: True
  source_directory_exists: True
  prior_status: none
  failure_record_presence: False
  retry_count: 0
  retry_exhausted: False
  resume_skip_reason: 
  final_should_schedule: True
  exact_exclusion_reason: 
UID benchmark_extension_v1_case16_sample_000025: scheduled because durable label is missing
  y_path_string: 
  resolved_y_path: /Users/jihojun/chiptherm/data/runs/benchmarks/benchmark_extension_v1/pilot/case16/sample_000025/parsed/temp_layer0.npy
  path_y_exists: False
  sample_directory_exists: True
  source_directory_exists: True
  prior_status: none
  failure_record_presence: False
  retry_count: 0
  retry_exhausted: False
  resume_skip_reason: 
  final_should_schedule: True
  exact_exclusion_reason: 
UID benchmark_extension_v1_case16_sample_000026: scheduled because durable label is missing
  y_path_string: 
  resolved_y_path: /Users/jihojun/chiptherm/data/runs/benchmarks/benchmark_extension_v1/pilot/case16/sample_000026/parsed/temp_layer0.npy
  path_y_exists: False
  sample_directory_exists: True
  source_directory_exists: True
  prior_status: none
  failure_record_presence: False
  retry_count: 0
  retry_exhausted: False
  resume_skip_reason: 
  final_should_schedule: True
  exact_exclusion_reason: 
UID benchmark_extension_v1_case16_sample_000027: scheduled because durable label is missing
  y_path_string: 
  resolved_y_path: /Users/jihojun/chiptherm/data/runs/benchmarks/benchmark_extension_v1/pilot/case16/sample_000027/parsed/temp_layer0.npy
  path_y_exists: False
  sample_directory_exists: True
  source_directory_exists: True
  prior_status: none
  failure_record_presence: False
  retry_count: 0
  retry_exhausted: False
  resume_skip_reason: 
  final_should_schedule: True
  exact_exclusion_reason: 
UID benchmark_extension_v1_case16_sample_000028: scheduled because durable label is missing
  y_path_string: 
  resolved_y_path: /Users/jihojun/chiptherm/data/runs/benchmarks/benchmark_extension_v1/pilot/case16/sample_000028/parsed/temp_layer0.npy
  path_y_exists: False
  sample_directory_exists: True
  source_directory_exists: True
  prior_status: none
  failure_record_presence: False
  retry_count: 0
  retry_exhausted: False
  resume_skip_reason: 
  final_should_schedule: True
  exact_exclusion_reason: 
UID benchmark_extension_v1_case16_sample_000029: scheduled because durable label is missing
  y_path_string: 
  resolved_y_path: /Users/jihojun/chiptherm/data/runs/benchmarks/benchmark_extension_v1/pilot/case16/sample_000029/parsed/temp_layer0.npy
  path_y_exists: False
  sample_directory_exists: True
  source_directory_exists: True
  prior_status: none
  failure_record_presence: False
  retry_count: 0
  retry_exhausted: False
  resume_skip_reason: 
  final_should_schedule: True
  exact_exclusion_reason: 
UID benchmark_extension_v1_case16_sample_000030: scheduled because durable label is missing
  y_path_string: 
  resolved_y_path: /Users/jihojun/chiptherm/data/runs/benchmarks/benchmark_extension_v1/pilot/case16/sample_000030/parsed/temp_layer0.npy
  path_y_exists: False
  sample_directory_exists: True
  source_directory_exists: True
  prior_status: none
  failure_record_presence: False
  retry_count: 0
  retry_exhausted: False
  resume_skip_reason: 
  final_should_schedule: True
  exact_exclusion_reason: 
UID benchmark_extension_v1_case16_sample_000031: scheduled because durable label is missing
  y_path_string: 
  resolved_y_path: /Users/jihojun/chiptherm/data/runs/benchmarks/benchmark_extension_v1/pilot/case16/sample_000031/parsed/temp_layer0.npy
  path_y_exists: False
  sample_directory_exists: True
  source_directory_exists: True
  prior_status: none
  failure_record_presence: False
  retry_count: 0
  retry_exhausted: False
  resume_skip_reason: 
  final_should_schedule: True
  exact_exclusion_reason: 
UID benchmark_extension_v1_case16_sample_000032: scheduled because durable label is missing
  y_path_string: 
  resolved_y_path: /Users/jihojun/chiptherm/data/runs/benchmarks/benchmark_extension_v1/pilot/case16/sample_000032/parsed/temp_layer0.npy
  path_y_exists: False
  sample_directory_exists: True
  source_directory_exists: True
  prior_status: none
  failure_record_presence: False
  retry_count: 0
  retry_exhausted: False
  resume_skip_reason: 
  final_should_schedule: True
  exact_exclusion_reason: 
UID benchmark_extension_v1_case16_sample_000033: scheduled because durable label is missing
  y_path_string: 
  resolved_y_path: /Users/jihojun/chiptherm/data/runs/benchmarks/benchmark_extension_v1/pilot/case16/sample_000033/parsed/temp_layer0.npy
  path_y_exists: False
  sample_directory_exists: True
  source_directory_exists: True
  prior_status: none
  failure_record_presence: False
  retry_count: 0
  retry_exhausted: False
  resume_skip_reason: 
  final_should_schedule: True
  exact_exclusion_reason: 
UID benchmark_extension_v1_case16_sample_000034: scheduled because durable label is missing
  y_path_string: 
  resolved_y_path: /Users/jihojun/chiptherm/data/runs/benchmarks/benchmark_extension_v1/pilot/case16/sample_000034/parsed/temp_layer0.npy
  path_y_exists: False
  sample_directory_exists: True
  source_directory_exists: True
  prior_status: none
  failure_record_presence: False
  retry_count: 0
  retry_exhausted: False
  resume_skip_reason: 
  final_should_schedule: True
  exact_exclusion_reason: 
UID benchmark_extension_v1_case16_sample_000035: scheduled because durable label is missing
  y_path_string: 
  resolved_y_path: /Users/jihojun/chiptherm/data/runs/benchmarks/benchmark_extension_v1/pilot/case16/sample_000035/parsed/temp_layer0.npy
  path_y_exists: False
  sample_directory_exists: True
  source_directory_exists: True
  prior_status: none
  failure_record_presence: False
  retry_count: 0
  retry_exhausted: False
  resume_skip_reason: 
  final_should_schedule: True
  exact_exclusion_reason: 
UID benchmark_extension_v1_case16_sample_000036: scheduled because durable label is missing
  y_path_string: 
  resolved_y_path: /Users/jihojun/chiptherm/data/runs/benchmarks/benchmark_extension_v1/pilot/case16/sample_000036/parsed/temp_layer0.npy
  path_y_exists: False
  sample_directory_exists: True
  source_directory_exists: True
  prior_status: none
  failure_record_presence: False
  retry_count: 0
  retry_exhausted: False
  resume_skip_reason: 
  final_should_schedule: True
  exact_exclusion_reason: 
UID benchmark_extension_v1_case16_sample_000037: scheduled because durable label is missing
  y_path_string: 
  resolved_y_path: /Users/jihojun/chiptherm/data/runs/benchmarks/benchmark_extension_v1/pilot/case16/sample_000037/parsed/temp_layer0.npy
  path_y_exists: False
  sample_directory_exists: True
  source_directory_exists: True
  prior_status: none
  failure_record_presence: False
  retry_count: 0
  retry_exhausted: False
  resume_skip_reason: 
  final_should_schedule: True
  exact_exclusion_reason: 
UID benchmark_extension_v1_case16_sample_000038: scheduled because durable label is missing
  y_path_string: 
  resolved_y_path: /Users/jihojun/chiptherm/data/runs/benchmarks/benchmark_extension_v1/pilot/case16/sample_000038/parsed/temp_layer0.npy
  path_y_exists: False
  sample_directory_exists: True
  source_directory_exists: True
  prior_status: none
  failure_record_presence: False
  retry_count: 0
  retry_exhausted: False
  resume_skip_reason: 
  final_should_schedule: True
  exact_exclusion_reason: 
UID benchmark_extension_v1_case16_sample_000039: scheduled because durable label is missing
  y_path_string: 
  resolved_y_path: /Users/jihojun/chiptherm/data/runs/benchmarks/benchmark_extension_v1/pilot/case16/sample_000039/parsed/temp_layer0.npy
  path_y_exists: False
  sample_directory_exists: True
  source_directory_exists: True
  prior_status: none
  failure_record_presence: False
  retry_count: 0
  retry_exhausted: False
  resume_skip_reason: 
  final_should_schedule: True
  exact_exclusion_reason: 
UID benchmark_extension_v1_case16_sample_000040: scheduled because durable label is missing
  y_path_string: 
  resolved_y_path: /Users/jihojun/chiptherm/data/runs/benchmarks/benchmark_extension_v1/pilot/case16/sample_000040/parsed/temp_layer0.npy
  path_y_exists: False
  sample_directory_exists: True
  source_directory_exists: True
  prior_status: none
  failure_record_presence: False
  retry_count: 0
  retry_exhausted: False
  resume_skip_reason: 
  final_should_schedule: True
  exact_exclusion_reason: 
UID benchmark_extension_v1_case16_sample_000041: scheduled because durable label is missing
  y_path_string: 
  resolved_y_path: /Users/jihojun/chiptherm/data/runs/benchmarks/benchmark_extension_v1/pilot/case16/sample_000041/parsed/temp_layer0.npy
  path_y_exists: False
  sample_directory_exists: True
  source_directory_exists: True
  prior_status: none
  failure_record_presence: False
  retry_count: 0
  retry_exhausted: False
  resume_skip_reason: 
  final_should_schedule: True
  exact_exclusion_reason: 
UID benchmark_extension_v1_case16_sample_000042: scheduled because durable label is missing
  y_path_string: 
  resolved_y_path: /Users/jihojun/chiptherm/data/runs/benchmarks/benchmark_extension_v1/pilot/case16/sample_000042/parsed/temp_layer0.npy
  path_y_exists: False
  sample_directory_exists: True
  source_directory_exists: True
  prior_status: none
  failure_record_presence: False
  retry_count: 0
  retry_exhausted: False
  resume_skip_reason: 
  final_should_schedule: True
  exact_exclusion_reason: 
UID benchmark_extension_v1_case16_sample_000043: scheduled because durable label is missing
  y_path_string: 
  resolved_y_path: /Users/jihojun/chiptherm/data/runs/benchmarks/benchmark_extension_v1/pilot/case16/sample_000043/parsed/temp_layer0.npy
  path_y_exists: False
  sample_directory_exists: True
  source_directory_exists: True
  prior_status: none
  failure_record_presence: False
  retry_count: 0
  retry_exhausted: False
  resume_skip_reason: 
  final_should_schedule: True
  exact_exclusion_reason: 
UID benchmark_extension_v1_case16_sample_000044: scheduled because durable label is missing
  y_path_string: 
  resolved_y_path: /Users/jihojun/chiptherm/data/runs/benchmarks/benchmark_extension_v1/pilot/case16/sample_000044/parsed/temp_layer0.npy
  path_y_exists: False
  sample_directory_exists: True
  source_directory_exists: True
  prior_status: none
  failure_record_presence: False
  retry_count: 0
  retry_exhausted: False
  resume_skip_reason: 
  final_should_schedule: True
  exact_exclusion_reason: 
UID benchmark_extension_v1_case16_sample_000045: scheduled because durable label is missing
  y_path_string: 
  resolved_y_path: /Users/jihojun/chiptherm/data/runs/benchmarks/benchmark_extension_v1/pilot/case16/sample_000045/parsed/temp_layer0.npy
  path_y_exists: False
  sample_directory_exists: True
  source_directory_exists: True
  prior_status: none
  failure_record_presence: False
  retry_count: 0
  retry_exhausted: False
  resume_skip_reason: 
  final_should_schedule: True
  exact_exclusion_reason: 
UID benchmark_extension_v1_case16_sample_000046: scheduled because durable label is missing
  y_path_string: 
  resolved_y_path: /Users/jihojun/chiptherm/data/runs/benchmarks/benchmark_extension_v1/pilot/case16/sample_000046/parsed/temp_layer0.npy
  path_y_exists: False
  sample_directory_exists: True
  source_directory_exists: True
  prior_status: none
  failure_record_presence: False
  retry_count: 0
  retry_exhausted: False
  resume_skip_reason: 
  final_should_schedule: True
  exact_exclusion_reason: 
UID benchmark_extension_v1_case16_sample_000047: scheduled because durable label is missing
  y_path_string: 
  resolved_y_path: /Users/jihojun/chiptherm/data/runs/benchmarks/benchmark_extension_v1/pilot/case16/sample_000047/parsed/temp_layer0.npy
  path_y_exists: False
  sample_directory_exists: True
  source_directory_exists: True
  prior_status: none
  failure_record_presence: False
  retry_count: 0
  retry_exhausted: False
  resume_skip_reason: 
  final_should_schedule: True
  exact_exclusion_reason: 
UID benchmark_extension_v1_case16_sample_000048: scheduled because durable label is missing
  y_path_string: 
  resolved_y_path: /Users/jihojun/chiptherm/data/runs/benchmarks/benchmark_extension_v1/pilot/case16/sample_000048/parsed/temp_layer0.npy
  path_y_exists: False
  sample_directory_exists: True
  source_directory_exists: True
  prior_status: none
  failure_record_presence: False
  retry_count: 0
  retry_exhausted: False
  resume_skip_reason: 
  final_should_schedule: True
  exact_exclusion_reason: 
UID benchmark_extension_v1_case16_sample_000049: scheduled because durable label is missing
  y_path_string: 
  resolved_y_path: /Users/jihojun/chiptherm/data/runs/benchmarks/benchmark_extension_v1/pilot/case16/sample_000049/parsed/temp_layer0.npy
  path_y_exists: False
  sample_directory_exists: True
  source_directory_exists: True
  prior_status: none
  failure_record_presence: False
  retry_count: 0
  retry_exhausted: False
  resume_skip_reason: 
  final_should_schedule: True
  exact_exclusion_reason: 
UID benchmark_extension_v1_case16_sample_000050: scheduled because durable label is missing
  y_path_string: 
  resolved_y_path: /Users/jihojun/chiptherm/data/runs/benchmarks/benchmark_extension_v1/pilot/case16/sample_000050/parsed/temp_layer0.npy
  path_y_exists: False
  sample_directory_exists: True
  source_directory_exists: True
  prior_status: none
  failure_record_presence: False
  retry_count: 0
  retry_exhausted: False
  resume_skip_reason: 
  final_should_schedule: True
  exact_exclusion_reason: 
UID benchmark_extension_v1_case17_sample_000001: scheduled because durable label is missing
  y_path_string: 
  resolved_y_path: /Users/jihojun/chiptherm/data/runs/benchmarks/benchmark_extension_v1/pilot/case17/sample_000001/parsed/temp_layer0.npy
  path_y_exists: False
  sample_directory_exists: True
  source_directory_exists: True
  prior_status: none
  failure_record_presence: False
  retry_count: 0
  retry_exhausted: False
  resume_skip_reason: 
  final_should_schedule: True
  exact_exclusion_reason: 
UID benchmark_extension_v1_case17_sample_000002: scheduled because durable label is missing
  y_path_string: 
  resolved_y_path: /Users/jihojun/chiptherm/data/runs/benchmarks/benchmark_extension_v1/pilot/case17/sample_000002/parsed/temp_layer0.npy
  path_y_exists: False
  sample_directory_exists: True
  source_directory_exists: True
  prior_status: none
  failure_record_presence: False
  retry_count: 0
  retry_exhausted: False
  resume_skip_reason: 
  final_should_schedule: True
  exact_exclusion_reason: 
UID benchmark_extension_v1_case17_sample_000003: scheduled because durable label is missing
  y_path_string: 
  resolved_y_path: /Users/jihojun/chiptherm/data/runs/benchmarks/benchmark_extension_v1/pilot/case17/sample_000003/parsed/temp_layer0.npy
  path_y_exists: False
  sample_directory_exists: True
  source_directory_exists: True
  prior_status: none
  failure_record_presence: False
  retry_count: 0
  retry_exhausted: False
  resume_skip_reason: 
  final_should_schedule: True
  exact_exclusion_reason: 
UID benchmark_extension_v1_case17_sample_000004: scheduled because durable label is missing
  y_path_string: 
  resolved_y_path: /Users/jihojun/chiptherm/data/runs/benchmarks/benchmark_extension_v1/pilot/case17/sample_000004/parsed/temp_layer0.npy
  path_y_exists: False
  sample_directory_exists: True
  source_directory_exists: True
  prior_status: none
  failure_record_presence: False
  retry_count: 0
  retry_exhausted: False
  resume_skip_reason: 
  final_should_schedule: True
  exact_exclusion_reason: 
UID benchmark_extension_v1_case17_sample_000005: scheduled because durable label is missing
  y_path_string: 
  resolved_y_path: /Users/jihojun/chiptherm/data/runs/benchmarks/benchmark_extension_v1/pilot/case17/sample_000005/parsed/temp_layer0.npy
  path_y_exists: False
  sample_directory_exists: True
  source_directory_exists: True
  prior_status: none
  failure_record_presence: False
  retry_count: 0
  retry_exhausted: False
  resume_skip_reason: 
  final_should_schedule: True
  exact_exclusion_reason: 
UID benchmark_extension_v1_case17_sample_000006: scheduled because durable label is missing
  y_path_string: 
  resolved_y_path: /Users/jihojun/chiptherm/data/runs/benchmarks/benchmark_extension_v1/pilot/case17/sample_000006/parsed/temp_layer0.npy
  path_y_exists: False
  sample_directory_exists: True
  source_directory_exists: True
  prior_status: none
  failure_record_presence: False
  retry_count: 0
  retry_exhausted: False
  resume_skip_reason: 
  final_should_schedule: True
  exact_exclusion_reason: 
UID benchmark_extension_v1_case17_sample_000007: scheduled because durable label is missing
  y_path_string: 
  resolved_y_path: /Users/jihojun/chiptherm/data/runs/benchmarks/benchmark_extension_v1/pilot/case17/sample_000007/parsed/temp_layer0.npy
  path_y_exists: False
  sample_directory_exists: True
  source_directory_exists: True
  prior_status: none
  failure_record_presence: False
  retry_count: 0
  retry_exhausted: False
  resume_skip_reason: 
  final_should_schedule: True
  exact_exclusion_reason: 
UID benchmark_extension_v1_case17_sample_000008: scheduled because durable label is missing
  y_path_string: 
  resolved_y_path: /Users/jihojun/chiptherm/data/runs/benchmarks/benchmark_extension_v1/pilot/case17/sample_000008/parsed/temp_layer0.npy
  path_y_exists: False
  sample_directory_exists: True
  source_directory_exists: True
  prior_status: none
  failure_record_presence: False
  retry_count: 0
  retry_exhausted: False
  resume_skip_reason: 
  final_should_schedule: True
  exact_exclusion_reason: 
UID benchmark_extension_v1_case17_sample_000009: scheduled because durable label is missing
  y_path_string: 
  resolved_y_path: /Users/jihojun/chiptherm/data/runs/benchmarks/benchmark_extension_v1/pilot/case17/sample_000009/parsed/temp_layer0.npy
  path_y_exists: False
  sample_directory_exists: True
  source_directory_exists: True
  prior_status: none
  failure_record_presence: False
  retry_count: 0
  retry_exhausted: False
  resume_skip_reason: 
  final_should_schedule: True
  exact_exclusion_reason: 
UID benchmark_extension_v1_case17_sample_000010: scheduled because durable label is missing
  y_path_string: 
  resolved_y_path: /Users/jihojun/chiptherm/data/runs/benchmarks/benchmark_extension_v1/pilot/case17/sample_000010/parsed/temp_layer0.npy
  path_y_exists: False
  sample_directory_exists: True
  source_directory_exists: True
  prior_status: none
  failure_record_presence: False
  retry_count: 0
  retry_exhausted: False
  resume_skip_reason: 
  final_should_schedule: True
  exact_exclusion_reason: 
UID benchmark_extension_v1_case17_sample_000011: scheduled because durable label is missing
  y_path_string: 
  resolved_y_path: /Users/jihojun/chiptherm/data/runs/benchmarks/benchmark_extension_v1/pilot/case17/sample_000011/parsed/temp_layer0.npy
  path_y_exists: False
  sample_directory_exists: True
  source_directory_exists: True
  prior_status: none
  failure_record_presence: False
  retry_count: 0
  retry_exhausted: False
  resume_skip_reason: 
  final_should_schedule: True
  exact_exclusion_reason: 
UID benchmark_extension_v1_case17_sample_000012: scheduled because durable label is missing
  y_path_string: 
  resolved_y_path: /Users/jihojun/chiptherm/data/runs/benchmarks/benchmark_extension_v1/pilot/case17/sample_000012/parsed/temp_layer0.npy
  path_y_exists: False
  sample_directory_exists: True
  source_directory_exists: True
  prior_status: none
  failure_record_presence: False
  retry_count: 0
  retry_exhausted: False
  resume_skip_reason: 
  final_should_schedule: True
  exact_exclusion_reason: 
UID benchmark_extension_v1_case17_sample_000013: scheduled because durable label is missing
  y_path_string: 
  resolved_y_path: /Users/jihojun/chiptherm/data/runs/benchmarks/benchmark_extension_v1/pilot/case17/sample_000013/parsed/temp_layer0.npy
  path_y_exists: False
  sample_directory_exists: True
  source_directory_exists: True
  prior_status: none
  failure_record_presence: False
  retry_count: 0
  retry_exhausted: False
  resume_skip_reason: 
  final_should_schedule: True
  exact_exclusion_reason: 
UID benchmark_extension_v1_case17_sample_000014: scheduled because durable label is missing
  y_path_string: 
  resolved_y_path: /Users/jihojun/chiptherm/data/runs/benchmarks/benchmark_extension_v1/pilot/case17/sample_000014/parsed/temp_layer0.npy
  path_y_exists: False
  sample_directory_exists: True
  source_directory_exists: True
  prior_status: none
  failure_record_presence: False
  retry_count: 0
  retry_exhausted: False
  resume_skip_reason: 
  final_should_schedule: True
  exact_exclusion_reason: 
UID benchmark_extension_v1_case17_sample_000015: scheduled because durable label is missing
  y_path_string: 
  resolved_y_path: /Users/jihojun/chiptherm/data/runs/benchmarks/benchmark_extension_v1/pilot/case17/sample_000015/parsed/temp_layer0.npy
  path_y_exists: False
  sample_directory_exists: True
  source_directory_exists: True
  prior_status: none
  failure_record_presence: False
  retry_count: 0
  retry_exhausted: False
  resume_skip_reason: 
  final_should_schedule: True
  exact_exclusion_reason: 
UID benchmark_extension_v1_case17_sample_000016: scheduled because durable label is missing
  y_path_string: 
  resolved_y_path: /Users/jihojun/chiptherm/data/runs/benchmarks/benchmark_extension_v1/pilot/case17/sample_000016/parsed/temp_layer0.npy
  path_y_exists: False
  sample_directory_exists: True
  source_directory_exists: True
  prior_status: none
  failure_record_presence: False
  retry_count: 0
  retry_exhausted: False
  resume_skip_reason: 
  final_should_schedule: True
  exact_exclusion_reason: 
UID benchmark_extension_v1_case17_sample_000017: scheduled because durable label is missing
  y_path_string: 
  resolved_y_path: /Users/jihojun/chiptherm/data/runs/benchmarks/benchmark_extension_v1/pilot/case17/sample_000017/parsed/temp_layer0.npy
  path_y_exists: False
  sample_directory_exists: True
  source_directory_exists: True
  prior_status: none
  failure_record_presence: False
  retry_count: 0
  retry_exhausted: False
  resume_skip_reason: 
  final_should_schedule: True
  exact_exclusion_reason: 
UID benchmark_extension_v1_case17_sample_000018: scheduled because durable label is missing
  y_path_string: 
  resolved_y_path: /Users/jihojun/chiptherm/data/runs/benchmarks/benchmark_extension_v1/pilot/case17/sample_000018/parsed/temp_layer0.npy
  path_y_exists: False
  sample_directory_exists: True
  source_directory_exists: True
  prior_status: none
  failure_record_presence: False
  retry_count: 0
  retry_exhausted: False
  resume_skip_reason: 
  final_should_schedule: True
  exact_exclusion_reason: 
UID benchmark_extension_v1_case17_sample_000019: scheduled because durable label is missing
  y_path_string: 
  resolved_y_path: /Users/jihojun/chiptherm/data/runs/benchmarks/benchmark_extension_v1/pilot/case17/sample_000019/parsed/temp_layer0.npy
  path_y_exists: False
  sample_directory_exists: True
  source_directory_exists: True
  prior_status: none
  failure_record_presence: False
  retry_count: 0
  retry_exhausted: False
  resume_skip_reason: 
  final_should_schedule: True
  exact_exclusion_reason: 
UID benchmark_extension_v1_case17_sample_000020: scheduled because durable label is missing
  y_path_string: 
  resolved_y_path: /Users/jihojun/chiptherm/data/runs/benchmarks/benchmark_extension_v1/pilot/case17/sample_000020/parsed/temp_layer0.npy
  path_y_exists: False
  sample_directory_exists: True
  source_directory_exists: True
  prior_status: none
  failure_record_presence: False
  retry_count: 0
  retry_exhausted: False
  resume_skip_reason: 
  final_should_schedule: True
  exact_exclusion_reason: 
UID benchmark_extension_v1_case17_sample_000021: scheduled because durable label is missing
  y_path_string: 
  resolved_y_path: /Users/jihojun/chiptherm/data/runs/benchmarks/benchmark_extension_v1/pilot/case17/sample_000021/parsed/temp_layer0.npy
  path_y_exists: False
  sample_directory_exists: True
  source_directory_exists: True
  prior_status: none
  failure_record_presence: False
  retry_count: 0
  retry_exhausted: False
  resume_skip_reason: 
  final_should_schedule: True
  exact_exclusion_reason: 
UID benchmark_extension_v1_case17_sample_000022: scheduled because durable label is missing
  y_path_string: 
  resolved_y_path: /Users/jihojun/chiptherm/data/runs/benchmarks/benchmark_extension_v1/pilot/case17/sample_000022/parsed/temp_layer0.npy
  path_y_exists: False
  sample_directory_exists: True
  source_directory_exists: True
  prior_status: none
  failure_record_presence: False
  retry_count: 0
  retry_exhausted: False
  resume_skip_reason: 
  final_should_schedule: True
  exact_exclusion_reason: 
UID benchmark_extension_v1_case17_sample_000023: scheduled because durable label is missing
  y_path_string: 
  resolved_y_path: /Users/jihojun/chiptherm/data/runs/benchmarks/benchmark_extension_v1/pilot/case17/sample_000023/parsed/temp_layer0.npy
  path_y_exists: False
  sample_directory_exists: True
  source_directory_exists: True
  prior_status: none
  failure_record_presence: False
  retry_count: 0
  retry_exhausted: False
  resume_skip_reason: 
  final_should_schedule: True
  exact_exclusion_reason: 
UID benchmark_extension_v1_case17_sample_000024: scheduled because durable label is missing
  y_path_string: 
  resolved_y_path: /Users/jihojun/chiptherm/data/runs/benchmarks/benchmark_extension_v1/pilot/case17/sample_000024/parsed/temp_layer0.npy
  path_y_exists: False
  sample_directory_exists: True
  source_directory_exists: True
  prior_status: none
  failure_record_presence: False
  retry_count: 0
  retry_exhausted: False
  resume_skip_reason: 
  final_should_schedule: True
  exact_exclusion_reason: 
UID benchmark_extension_v1_case17_sample_000025: scheduled because durable label is missing
  y_path_string: 
  resolved_y_path: /Users/jihojun/chiptherm/data/runs/benchmarks/benchmark_extension_v1/pilot/case17/sample_000025/parsed/temp_layer0.npy
  path_y_exists: False
  sample_directory_exists: True
  source_directory_exists: True
  prior_status: none
  failure_record_presence: False
  retry_count: 0
  retry_exhausted: False
  resume_skip_reason: 
  final_should_schedule: True
  exact_exclusion_reason: 
UID benchmark_extension_v1_case17_sample_000026: scheduled because durable label is missing
  y_path_string: 
  resolved_y_path: /Users/jihojun/chiptherm/data/runs/benchmarks/benchmark_extension_v1/pilot/case17/sample_000026/parsed/temp_layer0.npy
  path_y_exists: False
  sample_directory_exists: True
  source_directory_exists: True
  prior_status: none
  failure_record_presence: False
  retry_count: 0
  retry_exhausted: False
  resume_skip_reason: 
  final_should_schedule: True
  exact_exclusion_reason: 
UID benchmark_extension_v1_case17_sample_000027: scheduled because durable label is missing
  y_path_string: 
  resolved_y_path: /Users/jihojun/chiptherm/data/runs/benchmarks/benchmark_extension_v1/pilot/case17/sample_000027/parsed/temp_layer0.npy
  path_y_exists: False
  sample_directory_exists: True
  source_directory_exists: True
  prior_status: none
  failure_record_presence: False
  retry_count: 0
  retry_exhausted: False
  resume_skip_reason: 
  final_should_schedule: True
  exact_exclusion_reason: 
UID benchmark_extension_v1_case17_sample_000028: scheduled because durable label is missing
  y_path_string: 
  resolved_y_path: /Users/jihojun/chiptherm/data/runs/benchmarks/benchmark_extension_v1/pilot/case17/sample_000028/parsed/temp_layer0.npy
  path_y_exists: False
  sample_directory_exists: True
  source_directory_exists: True
  prior_status: none
  failure_record_presence: False
  retry_count: 0
  retry_exhausted: False
  resume_skip_reason: 
  final_should_schedule: True
  exact_exclusion_reason: 
UID benchmark_extension_v1_case17_sample_000029: scheduled because durable label is missing
  y_path_string: 
  resolved_y_path: /Users/jihojun/chiptherm/data/runs/benchmarks/benchmark_extension_v1/pilot/case17/sample_000029/parsed/temp_layer0.npy
  path_y_exists: False
  sample_directory_exists: True
  source_directory_exists: True
  prior_status: none
  failure_record_presence: False
  retry_count: 0
  retry_exhausted: False
  resume_skip_reason: 
  final_should_schedule: True
  exact_exclusion_reason: 
UID benchmark_extension_v1_case17_sample_000030: scheduled because durable label is missing
  y_path_string: 
  resolved_y_path: /Users/jihojun/chiptherm/data/runs/benchmarks/benchmark_extension_v1/pilot/case17/sample_000030/parsed/temp_layer0.npy
  path_y_exists: False
  sample_directory_exists: True
  source_directory_exists: True
  prior_status: none
  failure_record_presence: False
  retry_count: 0
  retry_exhausted: False
  resume_skip_reason: 
  final_should_schedule: True
  exact_exclusion_reason: 
UID benchmark_extension_v1_case17_sample_000031: scheduled because durable label is missing
  y_path_string: 
  resolved_y_path: /Users/jihojun/chiptherm/data/runs/benchmarks/benchmark_extension_v1/pilot/case17/sample_000031/parsed/temp_layer0.npy
  path_y_exists: False
  sample_directory_exists: True
  source_directory_exists: True
  prior_status: none
  failure_record_presence: False
  retry_count: 0
  retry_exhausted: False
  resume_skip_reason: 
  final_should_schedule: True
  exact_exclusion_reason: 
UID benchmark_extension_v1_case17_sample_000032: scheduled because durable label is missing
  y_path_string: 
  resolved_y_path: /Users/jihojun/chiptherm/data/runs/benchmarks/benchmark_extension_v1/pilot/case17/sample_000032/parsed/temp_layer0.npy
  path_y_exists: False
  sample_directory_exists: True
  source_directory_exists: True
  prior_status: none
  failure_record_presence: False
  retry_count: 0
  retry_exhausted: False
  resume_skip_reason: 
  final_should_schedule: True
  exact_exclusion_reason: 
UID benchmark_extension_v1_case17_sample_000033: scheduled because durable label is missing
  y_path_string: 
  resolved_y_path: /Users/jihojun/chiptherm/data/runs/benchmarks/benchmark_extension_v1/pilot/case17/sample_000033/parsed/temp_layer0.npy
  path_y_exists: False
  sample_directory_exists: True
  source_directory_exists: True
  prior_status: none
  failure_record_presence: False
  retry_count: 0
  retry_exhausted: False
  resume_skip_reason: 
  final_should_schedule: True
  exact_exclusion_reason: 
UID benchmark_extension_v1_case17_sample_000034: scheduled because durable label is missing
  y_path_string: 
  resolved_y_path: /Users/jihojun/chiptherm/data/runs/benchmarks/benchmark_extension_v1/pilot/case17/sample_000034/parsed/temp_layer0.npy
  path_y_exists: False
  sample_directory_exists: True
  source_directory_exists: True
  prior_status: none
  failure_record_presence: False
  retry_count: 0
  retry_exhausted: False
  resume_skip_reason: 
  final_should_schedule: True
  exact_exclusion_reason: 
UID benchmark_extension_v1_case17_sample_000035: scheduled because durable label is missing
  y_path_string: 
  resolved_y_path: /Users/jihojun/chiptherm/data/runs/benchmarks/benchmark_extension_v1/pilot/case17/sample_000035/parsed/temp_layer0.npy
  path_y_exists: False
  sample_directory_exists: True
  source_directory_exists: True
  prior_status: none
  failure_record_presence: False
  retry_count: 0
  retry_exhausted: False
  resume_skip_reason: 
  final_should_schedule: True
  exact_exclusion_reason: 
UID benchmark_extension_v1_case17_sample_000036: scheduled because durable label is missing
  y_path_string: 
  resolved_y_path: /Users/jihojun/chiptherm/data/runs/benchmarks/benchmark_extension_v1/pilot/case17/sample_000036/parsed/temp_layer0.npy
  path_y_exists: False
  sample_directory_exists: True
  source_directory_exists: True
  prior_status: none
  failure_record_presence: False
  retry_count: 0
  retry_exhausted: False
  resume_skip_reason: 
  final_should_schedule: True
  exact_exclusion_reason: 
UID benchmark_extension_v1_case17_sample_000037: scheduled because durable label is missing
  y_path_string: 
  resolved_y_path: /Users/jihojun/chiptherm/data/runs/benchmarks/benchmark_extension_v1/pilot/case17/sample_000037/parsed/temp_layer0.npy
  path_y_exists: False
  sample_directory_exists: True
  source_directory_exists: True
  prior_status: none
  failure_record_presence: False
  retry_count: 0
  retry_exhausted: False
  resume_skip_reason: 
  final_should_schedule: True
  exact_exclusion_reason: 
UID benchmark_extension_v1_case17_sample_000038: scheduled because durable label is missing
  y_path_string: 
  resolved_y_path: /Users/jihojun/chiptherm/data/runs/benchmarks/benchmark_extension_v1/pilot/case17/sample_000038/parsed/temp_layer0.npy
  path_y_exists: False
  sample_directory_exists: True
  source_directory_exists: True
  prior_status: none
  failure_record_presence: False
  retry_count: 0
  retry_exhausted: False
  resume_skip_reason: 
  final_should_schedule: True
  exact_exclusion_reason: 
UID benchmark_extension_v1_case17_sample_000039: scheduled because durable label is missing
  y_path_string: 
  resolved_y_path: /Users/jihojun/chiptherm/data/runs/benchmarks/benchmark_extension_v1/pilot/case17/sample_000039/parsed/temp_layer0.npy
  path_y_exists: False
  sample_directory_exists: True
  source_directory_exists: True
  prior_status: none
  failure_record_presence: False
  retry_count: 0
  retry_exhausted: False
  resume_skip_reason: 
  final_should_schedule: True
  exact_exclusion_reason: 
UID benchmark_extension_v1_case17_sample_000040: scheduled because durable label is missing
  y_path_string: 
  resolved_y_path: /Users/jihojun/chiptherm/data/runs/benchmarks/benchmark_extension_v1/pilot/case17/sample_000040/parsed/temp_layer0.npy
  path_y_exists: False
  sample_directory_exists: True
  source_directory_exists: True
  prior_status: none
  failure_record_presence: False
  retry_count: 0
  retry_exhausted: False
  resume_skip_reason: 
  final_should_schedule: True
  exact_exclusion_reason: 
UID benchmark_extension_v1_case17_sample_000041: scheduled because durable label is missing
  y_path_string: 
  resolved_y_path: /Users/jihojun/chiptherm/data/runs/benchmarks/benchmark_extension_v1/pilot/case17/sample_000041/parsed/temp_layer0.npy
  path_y_exists: False
  sample_directory_exists: True
  source_directory_exists: True
  prior_status: none
  failure_record_presence: False
  retry_count: 0
  retry_exhausted: False
  resume_skip_reason: 
  final_should_schedule: True
  exact_exclusion_reason: 
UID benchmark_extension_v1_case17_sample_000042: scheduled because durable label is missing
  y_path_string: 
  resolved_y_path: /Users/jihojun/chiptherm/data/runs/benchmarks/benchmark_extension_v1/pilot/case17/sample_000042/parsed/temp_layer0.npy
  path_y_exists: False
  sample_directory_exists: True
  source_directory_exists: True
  prior_status: none
  failure_record_presence: False
  retry_count: 0
  retry_exhausted: False
  resume_skip_reason: 
  final_should_schedule: True
  exact_exclusion_reason: 
UID benchmark_extension_v1_case17_sample_000043: scheduled because durable label is missing
  y_path_string: 
  resolved_y_path: /Users/jihojun/chiptherm/data/runs/benchmarks/benchmark_extension_v1/pilot/case17/sample_000043/parsed/temp_layer0.npy
  path_y_exists: False
  sample_directory_exists: True
  source_directory_exists: True
  prior_status: none
  failure_record_presence: False
  retry_count: 0
  retry_exhausted: False
  resume_skip_reason: 
  final_should_schedule: True
  exact_exclusion_reason: 
UID benchmark_extension_v1_case17_sample_000044: scheduled because durable label is missing
  y_path_string: 
  resolved_y_path: /Users/jihojun/chiptherm/data/runs/benchmarks/benchmark_extension_v1/pilot/case17/sample_000044/parsed/temp_layer0.npy
  path_y_exists: False
  sample_directory_exists: True
  source_directory_exists: True
  prior_status: none
  failure_record_presence: False
  retry_count: 0
  retry_exhausted: False
  resume_skip_reason: 
  final_should_schedule: True
  exact_exclusion_reason: 
UID benchmark_extension_v1_case17_sample_000045: scheduled because durable label is missing
  y_path_string: 
  resolved_y_path: /Users/jihojun/chiptherm/data/runs/benchmarks/benchmark_extension_v1/pilot/case17/sample_000045/parsed/temp_layer0.npy
  path_y_exists: False
  sample_directory_exists: True
  source_directory_exists: True
  prior_status: none
  failure_record_presence: False
  retry_count: 0
  retry_exhausted: False
  resume_skip_reason: 
  final_should_schedule: True
  exact_exclusion_reason: 
UID benchmark_extension_v1_case17_sample_000046: scheduled because durable label is missing
  y_path_string: 
  resolved_y_path: /Users/jihojun/chiptherm/data/runs/benchmarks/benchmark_extension_v1/pilot/case17/sample_000046/parsed/temp_layer0.npy
  path_y_exists: False
  sample_directory_exists: True
  source_directory_exists: True
  prior_status: none
  failure_record_presence: False
  retry_count: 0
  retry_exhausted: False
  resume_skip_reason: 
  final_should_schedule: True
  exact_exclusion_reason: 
UID benchmark_extension_v1_case17_sample_000047: scheduled because durable label is missing
  y_path_string: 
  resolved_y_path: /Users/jihojun/chiptherm/data/runs/benchmarks/benchmark_extension_v1/pilot/case17/sample_000047/parsed/temp_layer0.npy
  path_y_exists: False
  sample_directory_exists: True
  source_directory_exists: True
  prior_status: none
  failure_record_presence: False
  retry_count: 0
  retry_exhausted: False
  resume_skip_reason: 
  final_should_schedule: True
  exact_exclusion_reason: 
UID benchmark_extension_v1_case17_sample_000048: scheduled because durable label is missing
  y_path_string: 
  resolved_y_path: /Users/jihojun/chiptherm/data/runs/benchmarks/benchmark_extension_v1/pilot/case17/sample_000048/parsed/temp_layer0.npy
  path_y_exists: False
  sample_directory_exists: True
  source_directory_exists: True
  prior_status: none
  failure_record_presence: False
  retry_count: 0
  retry_exhausted: False
  resume_skip_reason: 
  final_should_schedule: True
  exact_exclusion_reason: 
UID benchmark_extension_v1_case17_sample_000049: scheduled because durable label is missing
  y_path_string: 
  resolved_y_path: /Users/jihojun/chiptherm/data/runs/benchmarks/benchmark_extension_v1/pilot/case17/sample_000049/parsed/temp_layer0.npy
  path_y_exists: False
  sample_directory_exists: True
  source_directory_exists: True
  prior_status: none
  failure_record_presence: False
  retry_count: 0
  retry_exhausted: False
  resume_skip_reason: 
  final_should_schedule: True
  exact_exclusion_reason: 
UID benchmark_extension_v1_case17_sample_000050: scheduled because durable label is missing
  y_path_string: 
  resolved_y_path: /Users/jihojun/chiptherm/data/runs/benchmarks/benchmark_extension_v1/pilot/case17/sample_000050/parsed/temp_layer0.npy
  path_y_exists: False
  sample_directory_exists: True
  source_directory_exists: True
  prior_status: none
  failure_record_presence: False
  retry_count: 0
  retry_exhausted: False
  resume_skip_reason: 
  final_should_schedule: True
  exact_exclusion_reason: 
UID benchmark_extension_v1_case18_sample_000001: scheduled because durable label is missing
  y_path_string: 
  resolved_y_path: /Users/jihojun/chiptherm/data/runs/benchmarks/benchmark_extension_v1/pilot/case18/sample_000001/parsed/temp_layer0.npy
  path_y_exists: False
  sample_directory_exists: True
  source_directory_exists: True
  prior_status: none
  failure_record_presence: False
  retry_count: 0
  retry_exhausted: False
  resume_skip_reason: 
  final_should_schedule: True
  exact_exclusion_reason: 
UID benchmark_extension_v1_case18_sample_000002: scheduled because durable label is missing
  y_path_string: 
  resolved_y_path: /Users/jihojun/chiptherm/data/runs/benchmarks/benchmark_extension_v1/pilot/case18/sample_000002/parsed/temp_layer0.npy
  path_y_exists: False
  sample_directory_exists: True
  source_directory_exists: True
  prior_status: none
  failure_record_presence: False
  retry_count: 0
  retry_exhausted: False
  resume_skip_reason: 
  final_should_schedule: True
  exact_exclusion_reason: 
UID benchmark_extension_v1_case18_sample_000003: scheduled because durable label is missing
  y_path_string: 
  resolved_y_path: /Users/jihojun/chiptherm/data/runs/benchmarks/benchmark_extension_v1/pilot/case18/sample_000003/parsed/temp_layer0.npy
  path_y_exists: False
  sample_directory_exists: True
  source_directory_exists: True
  prior_status: none
  failure_record_presence: False
  retry_count: 0
  retry_exhausted: False
  resume_skip_reason: 
  final_should_schedule: True
  exact_exclusion_reason: 
UID benchmark_extension_v1_case18_sample_000004: scheduled because durable label is missing
  y_path_string: 
  resolved_y_path: /Users/jihojun/chiptherm/data/runs/benchmarks/benchmark_extension_v1/pilot/case18/sample_000004/parsed/temp_layer0.npy
  path_y_exists: False
  sample_directory_exists: True
  source_directory_exists: True
  prior_status: none
  failure_record_presence: False
  retry_count: 0
  retry_exhausted: False
  resume_skip_reason: 
  final_should_schedule: True
  exact_exclusion_reason: 
UID benchmark_extension_v1_case18_sample_000005: scheduled because durable label is missing
  y_path_string: 
  resolved_y_path: /Users/jihojun/chiptherm/data/runs/benchmarks/benchmark_extension_v1/pilot/case18/sample_000005/parsed/temp_layer0.npy
  path_y_exists: False
  sample_directory_exists: True
  source_directory_exists: True
  prior_status: none
  failure_record_presence: False
  retry_count: 0
  retry_exhausted: False
  resume_skip_reason: 
  final_should_schedule: True
  exact_exclusion_reason: 
UID benchmark_extension_v1_case18_sample_000006: scheduled because durable label is missing
  y_path_string: 
  resolved_y_path: /Users/jihojun/chiptherm/data/runs/benchmarks/benchmark_extension_v1/pilot/case18/sample_000006/parsed/temp_layer0.npy
  path_y_exists: False
  sample_directory_exists: True
  source_directory_exists: True
  prior_status: none
  failure_record_presence: False
  retry_count: 0
  retry_exhausted: False
  resume_skip_reason: 
  final_should_schedule: True
  exact_exclusion_reason: 
UID benchmark_extension_v1_case18_sample_000007: scheduled because durable label is missing
  y_path_string: 
  resolved_y_path: /Users/jihojun/chiptherm/data/runs/benchmarks/benchmark_extension_v1/pilot/case18/sample_000007/parsed/temp_layer0.npy
  path_y_exists: False
  sample_directory_exists: True
  source_directory_exists: True
  prior_status: none
  failure_record_presence: False
  retry_count: 0
  retry_exhausted: False
  resume_skip_reason: 
  final_should_schedule: True
  exact_exclusion_reason: 
UID benchmark_extension_v1_case18_sample_000008: scheduled because durable label is missing
  y_path_string: 
  resolved_y_path: /Users/jihojun/chiptherm/data/runs/benchmarks/benchmark_extension_v1/pilot/case18/sample_000008/parsed/temp_layer0.npy
  path_y_exists: False
  sample_directory_exists: True
  source_directory_exists: True
  prior_status: none
  failure_record_presence: False
  retry_count: 0
  retry_exhausted: False
  resume_skip_reason: 
  final_should_schedule: True
  exact_exclusion_reason: 
UID benchmark_extension_v1_case18_sample_000009: scheduled because durable label is missing
  y_path_string: 
  resolved_y_path: /Users/jihojun/chiptherm/data/runs/benchmarks/benchmark_extension_v1/pilot/case18/sample_000009/parsed/temp_layer0.npy
  path_y_exists: False
  sample_directory_exists: True
  source_directory_exists: True
  prior_status: none
  failure_record_presence: False
  retry_count: 0
  retry_exhausted: False
  resume_skip_reason: 
  final_should_schedule: True
  exact_exclusion_reason: 
UID benchmark_extension_v1_case18_sample_000010: scheduled because durable label is missing
  y_path_string: 
  resolved_y_path: /Users/jihojun/chiptherm/data/runs/benchmarks/benchmark_extension_v1/pilot/case18/sample_000010/parsed/temp_layer0.npy
  path_y_exists: False
  sample_directory_exists: True
  source_directory_exists: True
  prior_status: none
  failure_record_presence: False
  retry_count: 0
  retry_exhausted: False
  resume_skip_reason: 
  final_should_schedule: True
  exact_exclusion_reason: 
UID benchmark_extension_v1_case18_sample_000011: scheduled because durable label is missing
  y_path_string: 
  resolved_y_path: /Users/jihojun/chiptherm/data/runs/benchmarks/benchmark_extension_v1/pilot/case18/sample_000011/parsed/temp_layer0.npy
  path_y_exists: False
  sample_directory_exists: True
  source_directory_exists: True
  prior_status: none
  failure_record_presence: False
  retry_count: 0
  retry_exhausted: False
  resume_skip_reason: 
  final_should_schedule: True
  exact_exclusion_reason: 
UID benchmark_extension_v1_case18_sample_000012: scheduled because durable label is missing
  y_path_string: 
  resolved_y_path: /Users/jihojun/chiptherm/data/runs/benchmarks/benchmark_extension_v1/pilot/case18/sample_000012/parsed/temp_layer0.npy
  path_y_exists: False
  sample_directory_exists: True
  source_directory_exists: True
  prior_status: none
  failure_record_presence: False
  retry_count: 0
  retry_exhausted: False
  resume_skip_reason: 
  final_should_schedule: True
  exact_exclusion_reason: 
UID benchmark_extension_v1_case18_sample_000013: scheduled because durable label is missing
  y_path_string: 
  resolved_y_path: /Users/jihojun/chiptherm/data/runs/benchmarks/benchmark_extension_v1/pilot/case18/sample_000013/parsed/temp_layer0.npy
  path_y_exists: False
  sample_directory_exists: True
  source_directory_exists: True
  prior_status: none
  failure_record_presence: False
  retry_count: 0
  retry_exhausted: False
  resume_skip_reason: 
  final_should_schedule: True
  exact_exclusion_reason: 
UID benchmark_extension_v1_case18_sample_000014: scheduled because durable label is missing
  y_path_string: 
  resolved_y_path: /Users/jihojun/chiptherm/data/runs/benchmarks/benchmark_extension_v1/pilot/case18/sample_000014/parsed/temp_layer0.npy
  path_y_exists: False
  sample_directory_exists: True
  source_directory_exists: True
  prior_status: none
  failure_record_presence: False
  retry_count: 0
  retry_exhausted: False
  resume_skip_reason: 
  final_should_schedule: True
  exact_exclusion_reason: 
UID benchmark_extension_v1_case18_sample_000015: scheduled because durable label is missing
  y_path_string: 
  resolved_y_path: /Users/jihojun/chiptherm/data/runs/benchmarks/benchmark_extension_v1/pilot/case18/sample_000015/parsed/temp_layer0.npy
  path_y_exists: False
  sample_directory_exists: True
  source_directory_exists: True
  prior_status: none
  failure_record_presence: False
  retry_count: 0
  retry_exhausted: False
  resume_skip_reason: 
  final_should_schedule: True
  exact_exclusion_reason: 
UID benchmark_extension_v1_case18_sample_000016: scheduled because durable label is missing
  y_path_string: 
  resolved_y_path: /Users/jihojun/chiptherm/data/runs/benchmarks/benchmark_extension_v1/pilot/case18/sample_000016/parsed/temp_layer0.npy
  path_y_exists: False
  sample_directory_exists: True
  source_directory_exists: True
  prior_status: none
  failure_record_presence: False
  retry_count: 0
  retry_exhausted: False
  resume_skip_reason: 
  final_should_schedule: True
  exact_exclusion_reason: 
UID benchmark_extension_v1_case18_sample_000017: scheduled because durable label is missing
  y_path_string: 
  resolved_y_path: /Users/jihojun/chiptherm/data/runs/benchmarks/benchmark_extension_v1/pilot/case18/sample_000017/parsed/temp_layer0.npy
  path_y_exists: False
  sample_directory_exists: True
  source_directory_exists: True
  prior_status: none
  failure_record_presence: False
  retry_count: 0
  retry_exhausted: False
  resume_skip_reason: 
  final_should_schedule: True
  exact_exclusion_reason: 
UID benchmark_extension_v1_case18_sample_000018: scheduled because durable label is missing
  y_path_string: 
  resolved_y_path: /Users/jihojun/chiptherm/data/runs/benchmarks/benchmark_extension_v1/pilot/case18/sample_000018/parsed/temp_layer0.npy
  path_y_exists: False
  sample_directory_exists: True
  source_directory_exists: True
  prior_status: none
  failure_record_presence: False
  retry_count: 0
  retry_exhausted: False
  resume_skip_reason: 
  final_should_schedule: True
  exact_exclusion_reason: 
UID benchmark_extension_v1_case18_sample_000019: scheduled because durable label is missing
  y_path_string: 
  resolved_y_path: /Users/jihojun/chiptherm/data/runs/benchmarks/benchmark_extension_v1/pilot/case18/sample_000019/parsed/temp_layer0.npy
  path_y_exists: False
  sample_directory_exists: True
  source_directory_exists: True
  prior_status: none
  failure_record_presence: False
  retry_count: 0
  retry_exhausted: False
  resume_skip_reason: 
  final_should_schedule: True
  exact_exclusion_reason: 
UID benchmark_extension_v1_case18_sample_000020: scheduled because durable label is missing
  y_path_string: 
  resolved_y_path: /Users/jihojun/chiptherm/data/runs/benchmarks/benchmark_extension_v1/pilot/case18/sample_000020/parsed/temp_layer0.npy
  path_y_exists: False
  sample_directory_exists: True
  source_directory_exists: True
  prior_status: none
  failure_record_presence: False
  retry_count: 0
  retry_exhausted: False
  resume_skip_reason: 
  final_should_schedule: True
  exact_exclusion_reason: 
UID benchmark_extension_v1_case18_sample_000021: scheduled because durable label is missing
  y_path_string: 
  resolved_y_path: /Users/jihojun/chiptherm/data/runs/benchmarks/benchmark_extension_v1/pilot/case18/sample_000021/parsed/temp_layer0.npy
  path_y_exists: False
  sample_directory_exists: True
  source_directory_exists: True
  prior_status: none
  failure_record_presence: False
  retry_count: 0
  retry_exhausted: False
  resume_skip_reason: 
  final_should_schedule: True
  exact_exclusion_reason: 
UID benchmark_extension_v1_case18_sample_000022: scheduled because durable label is missing
  y_path_string: 
  resolved_y_path: /Users/jihojun/chiptherm/data/runs/benchmarks/benchmark_extension_v1/pilot/case18/sample_000022/parsed/temp_layer0.npy
  path_y_exists: False
  sample_directory_exists: True
  source_directory_exists: True
  prior_status: none
  failure_record_presence: False
  retry_count: 0
  retry_exhausted: False
  resume_skip_reason: 
  final_should_schedule: True
  exact_exclusion_reason: 
UID benchmark_extension_v1_case18_sample_000023: scheduled because durable label is missing
  y_path_string: 
  resolved_y_path: /Users/jihojun/chiptherm/data/runs/benchmarks/benchmark_extension_v1/pilot/case18/sample_000023/parsed/temp_layer0.npy
  path_y_exists: False
  sample_directory_exists: True
  source_directory_exists: True
  prior_status: none
  failure_record_presence: False
  retry_count: 0
  retry_exhausted: False
  resume_skip_reason: 
  final_should_schedule: True
  exact_exclusion_reason: 
UID benchmark_extension_v1_case18_sample_000024: scheduled because durable label is missing
  y_path_string: 
  resolved_y_path: /Users/jihojun/chiptherm/data/runs/benchmarks/benchmark_extension_v1/pilot/case18/sample_000024/parsed/temp_layer0.npy
  path_y_exists: False
  sample_directory_exists: True
  source_directory_exists: True
  prior_status: none
  failure_record_presence: False
  retry_count: 0
  retry_exhausted: False
  resume_skip_reason: 
  final_should_schedule: True
  exact_exclusion_reason: 
UID benchmark_extension_v1_case18_sample_000025: scheduled because durable label is missing
  y_path_string: 
  resolved_y_path: /Users/jihojun/chiptherm/data/runs/benchmarks/benchmark_extension_v1/pilot/case18/sample_000025/parsed/temp_layer0.npy
  path_y_exists: False
  sample_directory_exists: True
  source_directory_exists: True
  prior_status: none
  failure_record_presence: False
  retry_count: 0
  retry_exhausted: False
  resume_skip_reason: 
  final_should_schedule: True
  exact_exclusion_reason: 
UID benchmark_extension_v1_case18_sample_000026: scheduled because durable label is missing
  y_path_string: 
  resolved_y_path: /Users/jihojun/chiptherm/data/runs/benchmarks/benchmark_extension_v1/pilot/case18/sample_000026/parsed/temp_layer0.npy
  path_y_exists: False
  sample_directory_exists: True
  source_directory_exists: True
  prior_status: none
  failure_record_presence: False
  retry_count: 0
  retry_exhausted: False
  resume_skip_reason: 
  final_should_schedule: True
  exact_exclusion_reason: 
UID benchmark_extension_v1_case18_sample_000027: scheduled because durable label is missing
  y_path_string: 
  resolved_y_path: /Users/jihojun/chiptherm/data/runs/benchmarks/benchmark_extension_v1/pilot/case18/sample_000027/parsed/temp_layer0.npy
  path_y_exists: False
  sample_directory_exists: True
  source_directory_exists: True
  prior_status: none
  failure_record_presence: False
  retry_count: 0
  retry_exhausted: False
  resume_skip_reason: 
  final_should_schedule: True
  exact_exclusion_reason: 
UID benchmark_extension_v1_case18_sample_000028: scheduled because durable label is missing
  y_path_string: 
  resolved_y_path: /Users/jihojun/chiptherm/data/runs/benchmarks/benchmark_extension_v1/pilot/case18/sample_000028/parsed/temp_layer0.npy
  path_y_exists: False
  sample_directory_exists: True
  source_directory_exists: True
  prior_status: none
  failure_record_presence: False
  retry_count: 0
  retry_exhausted: False
  resume_skip_reason: 
  final_should_schedule: True
  exact_exclusion_reason: 
UID benchmark_extension_v1_case18_sample_000029: scheduled because durable label is missing
  y_path_string: 
  resolved_y_path: /Users/jihojun/chiptherm/data/runs/benchmarks/benchmark_extension_v1/pilot/case18/sample_000029/parsed/temp_layer0.npy
  path_y_exists: False
  sample_directory_exists: True
  source_directory_exists: True
  prior_status: none
  failure_record_presence: False
  retry_count: 0
  retry_exhausted: False
  resume_skip_reason: 
  final_should_schedule: True
  exact_exclusion_reason: 
UID benchmark_extension_v1_case18_sample_000030: scheduled because durable label is missing
  y_path_string: 
  resolved_y_path: /Users/jihojun/chiptherm/data/runs/benchmarks/benchmark_extension_v1/pilot/case18/sample_000030/parsed/temp_layer0.npy
  path_y_exists: False
  sample_directory_exists: True
  source_directory_exists: True
  prior_status: none
  failure_record_presence: False
  retry_count: 0
  retry_exhausted: False
  resume_skip_reason: 
  final_should_schedule: True
  exact_exclusion_reason: 
UID benchmark_extension_v1_case18_sample_000031: scheduled because durable label is missing
  y_path_string: 
  resolved_y_path: /Users/jihojun/chiptherm/data/runs/benchmarks/benchmark_extension_v1/pilot/case18/sample_000031/parsed/temp_layer0.npy
  path_y_exists: False
  sample_directory_exists: True
  source_directory_exists: True
  prior_status: none
  failure_record_presence: False
  retry_count: 0
  retry_exhausted: False
  resume_skip_reason: 
  final_should_schedule: True
  exact_exclusion_reason: 
UID benchmark_extension_v1_case18_sample_000032: scheduled because durable label is missing
  y_path_string: 
  resolved_y_path: /Users/jihojun/chiptherm/data/runs/benchmarks/benchmark_extension_v1/pilot/case18/sample_000032/parsed/temp_layer0.npy
  path_y_exists: False
  sample_directory_exists: True
  source_directory_exists: True
  prior_status: none
  failure_record_presence: False
  retry_count: 0
  retry_exhausted: False
  resume_skip_reason: 
  final_should_schedule: True
  exact_exclusion_reason: 
UID benchmark_extension_v1_case18_sample_000033: scheduled because durable label is missing
  y_path_string: 
  resolved_y_path: /Users/jihojun/chiptherm/data/runs/benchmarks/benchmark_extension_v1/pilot/case18/sample_000033/parsed/temp_layer0.npy
  path_y_exists: False
  sample_directory_exists: True
  source_directory_exists: True
  prior_status: none
  failure_record_presence: False
  retry_count: 0
  retry_exhausted: False
  resume_skip_reason: 
  final_should_schedule: True
  exact_exclusion_reason: 
UID benchmark_extension_v1_case18_sample_000034: scheduled because durable label is missing
  y_path_string: 
  resolved_y_path: /Users/jihojun/chiptherm/data/runs/benchmarks/benchmark_extension_v1/pilot/case18/sample_000034/parsed/temp_layer0.npy
  path_y_exists: False
  sample_directory_exists: True
  source_directory_exists: True
  prior_status: none
  failure_record_presence: False
  retry_count: 0
  retry_exhausted: False
  resume_skip_reason: 
  final_should_schedule: True
  exact_exclusion_reason: 
UID benchmark_extension_v1_case18_sample_000035: scheduled because durable label is missing
  y_path_string: 
  resolved_y_path: /Users/jihojun/chiptherm/data/runs/benchmarks/benchmark_extension_v1/pilot/case18/sample_000035/parsed/temp_layer0.npy
  path_y_exists: False
  sample_directory_exists: True
  source_directory_exists: True
  prior_status: none
  failure_record_presence: False
  retry_count: 0
  retry_exhausted: False
  resume_skip_reason: 
  final_should_schedule: True
  exact_exclusion_reason: 
UID benchmark_extension_v1_case18_sample_000036: scheduled because durable label is missing
  y_path_string: 
  resolved_y_path: /Users/jihojun/chiptherm/data/runs/benchmarks/benchmark_extension_v1/pilot/case18/sample_000036/parsed/temp_layer0.npy
  path_y_exists: False
  sample_directory_exists: True
  source_directory_exists: True
  prior_status: none
  failure_record_presence: False
  retry_count: 0
  retry_exhausted: False
  resume_skip_reason: 
  final_should_schedule: True
  exact_exclusion_reason: 
UID benchmark_extension_v1_case18_sample_000037: scheduled because durable label is missing
  y_path_string: 
  resolved_y_path: /Users/jihojun/chiptherm/data/runs/benchmarks/benchmark_extension_v1/pilot/case18/sample_000037/parsed/temp_layer0.npy
  path_y_exists: False
  sample_directory_exists: True
  source_directory_exists: True
  prior_status: none
  failure_record_presence: False
  retry_count: 0
  retry_exhausted: False
  resume_skip_reason: 
  final_should_schedule: True
  exact_exclusion_reason: 
UID benchmark_extension_v1_case18_sample_000038: scheduled because durable label is missing
  y_path_string: 
  resolved_y_path: /Users/jihojun/chiptherm/data/runs/benchmarks/benchmark_extension_v1/pilot/case18/sample_000038/parsed/temp_layer0.npy
  path_y_exists: False
  sample_directory_exists: True
  source_directory_exists: True
  prior_status: none
  failure_record_presence: False
  retry_count: 0
  retry_exhausted: False
  resume_skip_reason: 
  final_should_schedule: True
  exact_exclusion_reason: 
UID benchmark_extension_v1_case18_sample_000039: scheduled because durable label is missing
  y_path_string: 
  resolved_y_path: /Users/jihojun/chiptherm/data/runs/benchmarks/benchmark_extension_v1/pilot/case18/sample_000039/parsed/temp_layer0.npy
  path_y_exists: False
  sample_directory_exists: True
  source_directory_exists: True
  prior_status: none
  failure_record_presence: False
  retry_count: 0
  retry_exhausted: False
  resume_skip_reason: 
  final_should_schedule: True
  exact_exclusion_reason: 
UID benchmark_extension_v1_case18_sample_000040: scheduled because durable label is missing
  y_path_string: 
  resolved_y_path: /Users/jihojun/chiptherm/data/runs/benchmarks/benchmark_extension_v1/pilot/case18/sample_000040/parsed/temp_layer0.npy
  path_y_exists: False
  sample_directory_exists: True
  source_directory_exists: True
  prior_status: none
  failure_record_presence: False
  retry_count: 0
  retry_exhausted: False
  resume_skip_reason: 
  final_should_schedule: True
  exact_exclusion_reason: 
UID benchmark_extension_v1_case18_sample_000041: scheduled because durable label is missing
  y_path_string: 
  resolved_y_path: /Users/jihojun/chiptherm/data/runs/benchmarks/benchmark_extension_v1/pilot/case18/sample_000041/parsed/temp_layer0.npy
  path_y_exists: False
  sample_directory_exists: True
  source_directory_exists: True
  prior_status: none
  failure_record_presence: False
  retry_count: 0
  retry_exhausted: False
  resume_skip_reason: 
  final_should_schedule: True
  exact_exclusion_reason: 
UID benchmark_extension_v1_case18_sample_000042: scheduled because durable label is missing
  y_path_string: 
  resolved_y_path: /Users/jihojun/chiptherm/data/runs/benchmarks/benchmark_extension_v1/pilot/case18/sample_000042/parsed/temp_layer0.npy
  path_y_exists: False
  sample_directory_exists: True
  source_directory_exists: True
  prior_status: none
  failure_record_presence: False
  retry_count: 0
  retry_exhausted: False
  resume_skip_reason: 
  final_should_schedule: True
  exact_exclusion_reason: 
UID benchmark_extension_v1_case18_sample_000043: scheduled because durable label is missing
  y_path_string: 
  resolved_y_path: /Users/jihojun/chiptherm/data/runs/benchmarks/benchmark_extension_v1/pilot/case18/sample_000043/parsed/temp_layer0.npy
  path_y_exists: False
  sample_directory_exists: True
  source_directory_exists: True
  prior_status: none
  failure_record_presence: False
  retry_count: 0
  retry_exhausted: False
  resume_skip_reason: 
  final_should_schedule: True
  exact_exclusion_reason: 
UID benchmark_extension_v1_case18_sample_000044: scheduled because durable label is missing
  y_path_string: 
  resolved_y_path: /Users/jihojun/chiptherm/data/runs/benchmarks/benchmark_extension_v1/pilot/case18/sample_000044/parsed/temp_layer0.npy
  path_y_exists: False
  sample_directory_exists: True
  source_directory_exists: True
  prior_status: none
  failure_record_presence: False
  retry_count: 0
  retry_exhausted: False
  resume_skip_reason: 
  final_should_schedule: True
  exact_exclusion_reason: 
UID benchmark_extension_v1_case18_sample_000045: scheduled because durable label is missing
  y_path_string: 
  resolved_y_path: /Users/jihojun/chiptherm/data/runs/benchmarks/benchmark_extension_v1/pilot/case18/sample_000045/parsed/temp_layer0.npy
  path_y_exists: False
  sample_directory_exists: True
  source_directory_exists: True
  prior_status: none
  failure_record_presence: False
  retry_count: 0
  retry_exhausted: False
  resume_skip_reason: 
  final_should_schedule: True
  exact_exclusion_reason: 
UID benchmark_extension_v1_case18_sample_000046: scheduled because durable label is missing
  y_path_string: 
  resolved_y_path: /Users/jihojun/chiptherm/data/runs/benchmarks/benchmark_extension_v1/pilot/case18/sample_000046/parsed/temp_layer0.npy
  path_y_exists: False
  sample_directory_exists: True
  source_directory_exists: True
  prior_status: none
  failure_record_presence: False
  retry_count: 0
  retry_exhausted: False
  resume_skip_reason: 
  final_should_schedule: True
  exact_exclusion_reason: 
UID benchmark_extension_v1_case18_sample_000047: scheduled because durable label is missing
  y_path_string: 
  resolved_y_path: /Users/jihojun/chiptherm/data/runs/benchmarks/benchmark_extension_v1/pilot/case18/sample_000047/parsed/temp_layer0.npy
  path_y_exists: False
  sample_directory_exists: True
  source_directory_exists: True
  prior_status: none
  failure_record_presence: False
  retry_count: 0
  retry_exhausted: False
  resume_skip_reason: 
  final_should_schedule: True
  exact_exclusion_reason: 
UID benchmark_extension_v1_case18_sample_000048: scheduled because durable label is missing
  y_path_string: 
  resolved_y_path: /Users/jihojun/chiptherm/data/runs/benchmarks/benchmark_extension_v1/pilot/case18/sample_000048/parsed/temp_layer0.npy
  path_y_exists: False
  sample_directory_exists: True
  source_directory_exists: True
  prior_status: none
  failure_record_presence: False
  retry_count: 0
  retry_exhausted: False
  resume_skip_reason: 
  final_should_schedule: True
  exact_exclusion_reason: 
UID benchmark_extension_v1_case18_sample_000049: scheduled because durable label is missing
  y_path_string: 
  resolved_y_path: /Users/jihojun/chiptherm/data/runs/benchmarks/benchmark_extension_v1/pilot/case18/sample_000049/parsed/temp_layer0.npy
  path_y_exists: False
  sample_directory_exists: True
  source_directory_exists: True
  prior_status: none
  failure_record_presence: False
  retry_count: 0
  retry_exhausted: False
  resume_skip_reason: 
  final_should_schedule: True
  exact_exclusion_reason: 
UID benchmark_extension_v1_case18_sample_000050: scheduled because durable label is missing
  y_path_string: 
  resolved_y_path: /Users/jihojun/chiptherm/data/runs/benchmarks/benchmark_extension_v1/pilot/case18/sample_000050/parsed/temp_layer0.npy
  path_y_exists: False
  sample_directory_exists: True
  source_directory_exists: True
  prior_status: none
  failure_record_presence: False
  retry_count: 0
  retry_exhausted: False
  resume_skip_reason: 
  final_should_schedule: True
  exact_exclusion_reason: 
UID benchmark_extension_v1_case19_sample_000001: scheduled because durable label is missing
  y_path_string: 
  resolved_y_path: /Users/jihojun/chiptherm/data/runs/benchmarks/benchmark_extension_v1/pilot/case19/sample_000001/parsed/temp_layer0.npy
  path_y_exists: False
  sample_directory_exists: True
  source_directory_exists: True
  prior_status: none
  failure_record_presence: False
  retry_count: 0
  retry_exhausted: False
  resume_skip_reason: 
  final_should_schedule: True
  exact_exclusion_reason: 
UID benchmark_extension_v1_case19_sample_000002: scheduled because durable label is missing
  y_path_string: 
  resolved_y_path: /Users/jihojun/chiptherm/data/runs/benchmarks/benchmark_extension_v1/pilot/case19/sample_000002/parsed/temp_layer0.npy
  path_y_exists: False
  sample_directory_exists: True
  source_directory_exists: True
  prior_status: none
  failure_record_presence: False
  retry_count: 0
  retry_exhausted: False
  resume_skip_reason: 
  final_should_schedule: True
  exact_exclusion_reason: 
UID benchmark_extension_v1_case19_sample_000003: generated valid source on attempt 1 (candidate_seed=4072653997925332)
UID benchmark_extension_v1_case19_sample_000003: scheduled because durable label is missing
  y_path_string: 
  resolved_y_path: /Users/jihojun/chiptherm/data/runs/benchmarks/benchmark_extension_v1/pilot/case19/sample_000003/parsed/temp_layer0.npy
  path_y_exists: False
  sample_directory_exists: True
  source_directory_exists: True
  prior_status: none
  failure_record_presence: False
  retry_count: 0
  retry_exhausted: False
  resume_skip_reason: 
  final_should_schedule: True
  exact_exclusion_reason: 
UID benchmark_extension_v1_case19_sample_000004: scheduled because durable label is missing
  y_path_string: 
  resolved_y_path: /Users/jihojun/chiptherm/data/runs/benchmarks/benchmark_extension_v1/pilot/case19/sample_000004/parsed/temp_layer0.npy
  path_y_exists: False
  sample_directory_exists: True
  source_directory_exists: True
  prior_status: none
  failure_record_presence: False
  retry_count: 0
  retry_exhausted: False
  resume_skip_reason: 
  final_should_schedule: True
  exact_exclusion_reason: 
UID benchmark_extension_v1_case19_sample_000005: scheduled because durable label is missing
  y_path_string: 
  resolved_y_path: /Users/jihojun/chiptherm/data/runs/benchmarks/benchmark_extension_v1/pilot/case19/sample_000005/parsed/temp_layer0.npy
  path_y_exists: False
  sample_directory_exists: True
  source_directory_exists: True
  prior_status: none
  failure_record_presence: False
  retry_count: 0
  retry_exhausted: False
  resume_skip_reason: 
  final_should_schedule: True
  exact_exclusion_reason: 
UID benchmark_extension_v1_case19_sample_000006: scheduled because durable label is missing
  y_path_string: 
  resolved_y_path: /Users/jihojun/chiptherm/data/runs/benchmarks/benchmark_extension_v1/pilot/case19/sample_000006/parsed/temp_layer0.npy
  path_y_exists: False
  sample_directory_exists: True
  source_directory_exists: True
  prior_status: none
  failure_record_presence: False
  retry_count: 0
  retry_exhausted: False
  resume_skip_reason: 
  final_should_schedule: True
  exact_exclusion_reason: 
UID benchmark_extension_v1_case19_sample_000007: scheduled because durable label is missing
  y_path_string: 
  resolved_y_path: /Users/jihojun/chiptherm/data/runs/benchmarks/benchmark_extension_v1/pilot/case19/sample_000007/parsed/temp_layer0.npy
  path_y_exists: False
  sample_directory_exists: True
  source_directory_exists: True
  prior_status: none
  failure_record_presence: False
  retry_count: 0
  retry_exhausted: False
  resume_skip_reason: 
  final_should_schedule: True
  exact_exclusion_reason: 
UID benchmark_extension_v1_case19_sample_000008: scheduled because durable label is missing
  y_path_string: 
  resolved_y_path: /Users/jihojun/chiptherm/data/runs/benchmarks/benchmark_extension_v1/pilot/case19/sample_000008/parsed/temp_layer0.npy
  path_y_exists: False
  sample_directory_exists: True
  source_directory_exists: True
  prior_status: none
  failure_record_presence: False
  retry_count: 0
  retry_exhausted: False
  resume_skip_reason: 
  final_should_schedule: True
  exact_exclusion_reason: 
UID benchmark_extension_v1_case19_sample_000009: scheduled because durable label is missing
  y_path_string: 
  resolved_y_path: /Users/jihojun/chiptherm/data/runs/benchmarks/benchmark_extension_v1/pilot/case19/sample_000009/parsed/temp_layer0.npy
  path_y_exists: False
  sample_directory_exists: True
  source_directory_exists: True
  prior_status: none
  failure_record_presence: False
  retry_count: 0
  retry_exhausted: False
  resume_skip_reason: 
  final_should_schedule: True
  exact_exclusion_reason: 
UID benchmark_extension_v1_case19_sample_000010: scheduled because durable label is missing
  y_path_string: 
  resolved_y_path: /Users/jihojun/chiptherm/data/runs/benchmarks/benchmark_extension_v1/pilot/case19/sample_000010/parsed/temp_layer0.npy
  path_y_exists: False
  sample_directory_exists: True
  source_directory_exists: True
  prior_status: none
  failure_record_presence: False
  retry_count: 0
  retry_exhausted: False
  resume_skip_reason: 
  final_should_schedule: True
  exact_exclusion_reason: 
UID benchmark_extension_v1_case19_sample_000011: scheduled because durable label is missing
  y_path_string: 
  resolved_y_path: /Users/jihojun/chiptherm/data/runs/benchmarks/benchmark_extension_v1/pilot/case19/sample_000011/parsed/temp_layer0.npy
  path_y_exists: False
  sample_directory_exists: True
  source_directory_exists: True
  prior_status: none
  failure_record_presence: False
  retry_count: 0
  retry_exhausted: False
  resume_skip_reason: 
  final_should_schedule: True
  exact_exclusion_reason: 
UID benchmark_extension_v1_case19_sample_000012: scheduled because durable label is missing
  y_path_string: 
  resolved_y_path: /Users/jihojun/chiptherm/data/runs/benchmarks/benchmark_extension_v1/pilot/case19/sample_000012/parsed/temp_layer0.npy
  path_y_exists: False
  sample_directory_exists: True
  source_directory_exists: True
  prior_status: none
  failure_record_presence: False
  retry_count: 0
  retry_exhausted: False
  resume_skip_reason: 
  final_should_schedule: True
  exact_exclusion_reason: 
UID benchmark_extension_v1_case19_sample_000013: scheduled because durable label is missing
  y_path_string: 
  resolved_y_path: /Users/jihojun/chiptherm/data/runs/benchmarks/benchmark_extension_v1/pilot/case19/sample_000013/parsed/temp_layer0.npy
  path_y_exists: False
  sample_directory_exists: True
  source_directory_exists: True
  prior_status: none
  failure_record_presence: False
  retry_count: 0
  retry_exhausted: False
  resume_skip_reason: 
  final_should_schedule: True
  exact_exclusion_reason: 
UID benchmark_extension_v1_case19_sample_000014: scheduled because durable label is missing
  y_path_string: 
  resolved_y_path: /Users/jihojun/chiptherm/data/runs/benchmarks/benchmark_extension_v1/pilot/case19/sample_000014/parsed/temp_layer0.npy
  path_y_exists: False
  sample_directory_exists: True
  source_directory_exists: True
  prior_status: none
  failure_record_presence: False
  retry_count: 0
  retry_exhausted: False
  resume_skip_reason: 
  final_should_schedule: True
  exact_exclusion_reason: 
UID benchmark_extension_v1_case19_sample_000015: scheduled because durable label is missing
  y_path_string: 
  resolved_y_path: /Users/jihojun/chiptherm/data/runs/benchmarks/benchmark_extension_v1/pilot/case19/sample_000015/parsed/temp_layer0.npy
  path_y_exists: False
  sample_directory_exists: True
  source_directory_exists: True
  prior_status: none
  failure_record_presence: False
  retry_count: 0
  retry_exhausted: False
  resume_skip_reason: 
  final_should_schedule: True
  exact_exclusion_reason: 
UID benchmark_extension_v1_case19_sample_000016: scheduled because durable label is missing
  y_path_string: 
  resolved_y_path: /Users/jihojun/chiptherm/data/runs/benchmarks/benchmark_extension_v1/pilot/case19/sample_000016/parsed/temp_layer0.npy
  path_y_exists: False
  sample_directory_exists: True
  source_directory_exists: True
  prior_status: none
  failure_record_presence: False
  retry_count: 0
  retry_exhausted: False
  resume_skip_reason: 
  final_should_schedule: True
  exact_exclusion_reason: 
UID benchmark_extension_v1_case19_sample_000017: scheduled because durable label is missing
  y_path_string: 
  resolved_y_path: /Users/jihojun/chiptherm/data/runs/benchmarks/benchmark_extension_v1/pilot/case19/sample_000017/parsed/temp_layer0.npy
  path_y_exists: False
  sample_directory_exists: True
  source_directory_exists: True
  prior_status: none
  failure_record_presence: False
  retry_count: 0
  retry_exhausted: False
  resume_skip_reason: 
  final_should_schedule: True
  exact_exclusion_reason: 
UID benchmark_extension_v1_case19_sample_000018: scheduled because durable label is missing
  y_path_string: 
  resolved_y_path: /Users/jihojun/chiptherm/data/runs/benchmarks/benchmark_extension_v1/pilot/case19/sample_000018/parsed/temp_layer0.npy
  path_y_exists: False
  sample_directory_exists: True
  source_directory_exists: True
  prior_status: none
  failure_record_presence: False
  retry_count: 0
  retry_exhausted: False
  resume_skip_reason: 
  final_should_schedule: True
  exact_exclusion_reason: 
UID benchmark_extension_v1_case19_sample_000019: scheduled because durable label is missing
  y_path_string: 
  resolved_y_path: /Users/jihojun/chiptherm/data/runs/benchmarks/benchmark_extension_v1/pilot/case19/sample_000019/parsed/temp_layer0.npy
  path_y_exists: False
  sample_directory_exists: True
  source_directory_exists: True
  prior_status: none
  failure_record_presence: False
  retry_count: 0
  retry_exhausted: False
  resume_skip_reason: 
  final_should_schedule: True
  exact_exclusion_reason: 
UID benchmark_extension_v1_case19_sample_000020: scheduled because durable label is missing
  y_path_string: 
  resolved_y_path: /Users/jihojun/chiptherm/data/runs/benchmarks/benchmark_extension_v1/pilot/case19/sample_000020/parsed/temp_layer0.npy
  path_y_exists: False
  sample_directory_exists: True
  source_directory_exists: True
  prior_status: none
  failure_record_presence: False
  retry_count: 0
  retry_exhausted: False
  resume_skip_reason: 
  final_should_schedule: True
  exact_exclusion_reason: 
UID benchmark_extension_v1_case19_sample_000021: generated valid source on attempt 1 (candidate_seed=4072653997925350)
UID benchmark_extension_v1_case19_sample_000021: scheduled because durable label is missing
  y_path_string: 
  resolved_y_path: /Users/jihojun/chiptherm/data/runs/benchmarks/benchmark_extension_v1/pilot/case19/sample_000021/parsed/temp_layer0.npy
  path_y_exists: False
  sample_directory_exists: True
  source_directory_exists: True
  prior_status: none
  failure_record_presence: False
  retry_count: 0
  retry_exhausted: False
  resume_skip_reason: 
  final_should_schedule: True
  exact_exclusion_reason: 
UID benchmark_extension_v1_case19_sample_000022: scheduled because durable label is missing
  y_path_string: 
  resolved_y_path: /Users/jihojun/chiptherm/data/runs/benchmarks/benchmark_extension_v1/pilot/case19/sample_000022/parsed/temp_layer0.npy
  path_y_exists: False
  sample_directory_exists: True
  source_directory_exists: True
  prior_status: none
  failure_record_presence: False
  retry_count: 0
  retry_exhausted: False
  resume_skip_reason: 
  final_should_schedule: True
  exact_exclusion_reason: 
UID benchmark_extension_v1_case19_sample_000023: scheduled because durable label is missing
  y_path_string: 
  resolved_y_path: /Users/jihojun/chiptherm/data/runs/benchmarks/benchmark_extension_v1/pilot/case19/sample_000023/parsed/temp_layer0.npy
  path_y_exists: False
  sample_directory_exists: True
  source_directory_exists: True
  prior_status: none
  failure_record_presence: False
  retry_count: 0
  retry_exhausted: False
  resume_skip_reason: 
  final_should_schedule: True
  exact_exclusion_reason: 
UID benchmark_extension_v1_case19_sample_000024: scheduled because durable label is missing
  y_path_string: 
  resolved_y_path: /Users/jihojun/chiptherm/data/runs/benchmarks/benchmark_extension_v1/pilot/case19/sample_000024/parsed/temp_layer0.npy
  path_y_exists: False
  sample_directory_exists: True
  source_directory_exists: True
  prior_status: none
  failure_record_presence: False
  retry_count: 0
  retry_exhausted: False
  resume_skip_reason: 
  final_should_schedule: True
  exact_exclusion_reason: 
UID benchmark_extension_v1_case19_sample_000025: generated valid source on attempt 1 (candidate_seed=4072653997925354)
UID benchmark_extension_v1_case19_sample_000025: scheduled because durable label is missing
  y_path_string: 
  resolved_y_path: /Users/jihojun/chiptherm/data/runs/benchmarks/benchmark_extension_v1/pilot/case19/sample_000025/parsed/temp_layer0.npy
  path_y_exists: False
  sample_directory_exists: True
  source_directory_exists: True
  prior_status: none
  failure_record_presence: False
  retry_count: 0
  retry_exhausted: False
  resume_skip_reason: 
  final_should_schedule: True
  exact_exclusion_reason: 
UID benchmark_extension_v1_case19_sample_000026: scheduled because durable label is missing
  y_path_string: 
  resolved_y_path: /Users/jihojun/chiptherm/data/runs/benchmarks/benchmark_extension_v1/pilot/case19/sample_000026/parsed/temp_layer0.npy
  path_y_exists: False
  sample_directory_exists: True
  source_directory_exists: True
  prior_status: none
  failure_record_presence: False
  retry_count: 0
  retry_exhausted: False
  resume_skip_reason: 
  final_should_schedule: True
  exact_exclusion_reason: 
UID benchmark_extension_v1_case19_sample_000027: scheduled because durable label is missing
  y_path_string: 
  resolved_y_path: /Users/jihojun/chiptherm/data/runs/benchmarks/benchmark_extension_v1/pilot/case19/sample_000027/parsed/temp_layer0.npy
  path_y_exists: False
  sample_directory_exists: True
  source_directory_exists: True
  prior_status: none
  failure_record_presence: False
  retry_count: 0
  retry_exhausted: False
  resume_skip_reason: 
  final_should_schedule: True
  exact_exclusion_reason: 
UID benchmark_extension_v1_case19_sample_000028: scheduled because durable label is missing
  y_path_string: 
  resolved_y_path: /Users/jihojun/chiptherm/data/runs/benchmarks/benchmark_extension_v1/pilot/case19/sample_000028/parsed/temp_layer0.npy
  path_y_exists: False
  sample_directory_exists: True
  source_directory_exists: True
  prior_status: none
  failure_record_presence: False
  retry_count: 0
  retry_exhausted: False
  resume_skip_reason: 
  final_should_schedule: True
  exact_exclusion_reason: 
UID benchmark_extension_v1_case19_sample_000029: scheduled because durable label is missing
  y_path_string: 
  resolved_y_path: /Users/jihojun/chiptherm/data/runs/benchmarks/benchmark_extension_v1/pilot/case19/sample_000029/parsed/temp_layer0.npy
  path_y_exists: False
  sample_directory_exists: True
  source_directory_exists: True
  prior_status: none
  failure_record_presence: False
  retry_count: 0
  retry_exhausted: False
  resume_skip_reason: 
  final_should_schedule: True
  exact_exclusion_reason: 
UID benchmark_extension_v1_case19_sample_000030: generated valid source on attempt 1 (candidate_seed=4072653997925359)
UID benchmark_extension_v1_case19_sample_000030: scheduled because durable label is missing
  y_path_string: 
  resolved_y_path: /Users/jihojun/chiptherm/data/runs/benchmarks/benchmark_extension_v1/pilot/case19/sample_000030/parsed/temp_layer0.npy
  path_y_exists: False
  sample_directory_exists: True
  source_directory_exists: True
  prior_status: none
  failure_record_presence: False
  retry_count: 0
  retry_exhausted: False
  resume_skip_reason: 
  final_should_schedule: True
  exact_exclusion_reason: 
UID benchmark_extension_v1_case19_sample_000031: generated valid source on attempt 1 (candidate_seed=4072653997925360)
UID benchmark_extension_v1_case19_sample_000031: scheduled because durable label is missing
  y_path_string: 
  resolved_y_path: /Users/jihojun/chiptherm/data/runs/benchmarks/benchmark_extension_v1/pilot/case19/sample_000031/parsed/temp_layer0.npy
  path_y_exists: False
  sample_directory_exists: True
  source_directory_exists: True
  prior_status: none
  failure_record_presence: False
  retry_count: 0
  retry_exhausted: False
  resume_skip_reason: 
  final_should_schedule: True
  exact_exclusion_reason: 
UID benchmark_extension_v1_case19_sample_000032: scheduled because durable label is missing
  y_path_string: 
  resolved_y_path: /Users/jihojun/chiptherm/data/runs/benchmarks/benchmark_extension_v1/pilot/case19/sample_000032/parsed/temp_layer0.npy
  path_y_exists: False
  sample_directory_exists: True
  source_directory_exists: True
  prior_status: none
  failure_record_presence: False
  retry_count: 0
  retry_exhausted: False
  resume_skip_reason: 
  final_should_schedule: True
  exact_exclusion_reason: 
UID benchmark_extension_v1_case19_sample_000033: generated valid source on attempt 3 (candidate_seed=4072654017925400)
UID benchmark_extension_v1_case19_sample_000033: scheduled because durable label is missing
  y_path_string: 
  resolved_y_path: /Users/jihojun/chiptherm/data/runs/benchmarks/benchmark_extension_v1/pilot/case19/sample_000033/parsed/temp_layer0.npy
  path_y_exists: False
  sample_directory_exists: True
  source_directory_exists: True
  prior_status: none
  failure_record_presence: False
  retry_count: 0
  retry_exhausted: False
  resume_skip_reason: 
  final_should_schedule: True
  exact_exclusion_reason: 
UID benchmark_extension_v1_case19_sample_000034: generated valid source on attempt 1 (candidate_seed=4072653997925363)
UID benchmark_extension_v1_case19_sample_000034: scheduled because durable label is missing
  y_path_string: 
  resolved_y_path: /Users/jihojun/chiptherm/data/runs/benchmarks/benchmark_extension_v1/pilot/case19/sample_000034/parsed/temp_layer0.npy
  path_y_exists: False
  sample_directory_exists: True
  source_directory_exists: True
  prior_status: none
  failure_record_presence: False
  retry_count: 0
  retry_exhausted: False
  resume_skip_reason: 
  final_should_schedule: True
  exact_exclusion_reason: 
UID benchmark_extension_v1_case19_sample_000035: scheduled because durable label is missing
  y_path_string: 
  resolved_y_path: /Users/jihojun/chiptherm/data/runs/benchmarks/benchmark_extension_v1/pilot/case19/sample_000035/parsed/temp_layer0.npy
  path_y_exists: False
  sample_directory_exists: True
  source_directory_exists: True
  prior_status: none
  failure_record_presence: False
  retry_count: 0
  retry_exhausted: False
  resume_skip_reason: 
  final_should_schedule: True
  exact_exclusion_reason: 
UID benchmark_extension_v1_case19_sample_000036: generated valid source on attempt 1 (candidate_seed=4072653997925365)
UID benchmark_extension_v1_case19_sample_000036: scheduled because durable label is missing
  y_path_string: 
  resolved_y_path: /Users/jihojun/chiptherm/data/runs/benchmarks/benchmark_extension_v1/pilot/case19/sample_000036/parsed/temp_layer0.npy
  path_y_exists: False
  sample_directory_exists: True
  source_directory_exists: True
  prior_status: none
  failure_record_presence: False
  retry_count: 0
  retry_exhausted: False
  resume_skip_reason: 
  final_should_schedule: True
  exact_exclusion_reason: 
UID benchmark_extension_v1_case19_sample_000037: generated valid source on attempt 1 (candidate_seed=4072653997925366)
UID benchmark_extension_v1_case19_sample_000037: scheduled because durable label is missing
  y_path_string: 
  resolved_y_path: /Users/jihojun/chiptherm/data/runs/benchmarks/benchmark_extension_v1/pilot/case19/sample_000037/parsed/temp_layer0.npy
  path_y_exists: False
  sample_directory_exists: True
  source_directory_exists: True
  prior_status: none
  failure_record_presence: False
  retry_count: 0
  retry_exhausted: False
  resume_skip_reason: 
  final_should_schedule: True
  exact_exclusion_reason: 
UID benchmark_extension_v1_case19_sample_000038: generated valid source on attempt 1 (candidate_seed=4072653997925367)
UID benchmark_extension_v1_case19_sample_000038: scheduled because durable label is missing
  y_path_string: 
  resolved_y_path: /Users/jihojun/chiptherm/data/runs/benchmarks/benchmark_extension_v1/pilot/case19/sample_000038/parsed/temp_layer0.npy
  path_y_exists: False
  sample_directory_exists: True
  source_directory_exists: True
  prior_status: none
  failure_record_presence: False
  retry_count: 0
  retry_exhausted: False
  resume_skip_reason: 
  final_should_schedule: True
  exact_exclusion_reason: 
UID benchmark_extension_v1_case19_sample_000039: scheduled because durable label is missing
  y_path_string: 
  resolved_y_path: /Users/jihojun/chiptherm/data/runs/benchmarks/benchmark_extension_v1/pilot/case19/sample_000039/parsed/temp_layer0.npy
  path_y_exists: False
  sample_directory_exists: True
  source_directory_exists: True
  prior_status: none
  failure_record_presence: False
  retry_count: 0
  retry_exhausted: False
  resume_skip_reason: 
  final_should_schedule: True
  exact_exclusion_reason: 
UID benchmark_extension_v1_case19_sample_000040: generated valid source on attempt 1 (candidate_seed=4072653997925369)
UID benchmark_extension_v1_case19_sample_000040: scheduled because durable label is missing
  y_path_string: 
  resolved_y_path: /Users/jihojun/chiptherm/data/runs/benchmarks/benchmark_extension_v1/pilot/case19/sample_000040/parsed/temp_layer0.npy
  path_y_exists: False
  sample_directory_exists: True
  source_directory_exists: True
  prior_status: none
  failure_record_presence: False
  retry_count: 0
  retry_exhausted: False
  resume_skip_reason: 
  final_should_schedule: True
  exact_exclusion_reason: 
UID benchmark_extension_v1_case19_sample_000041: scheduled because durable label is missing
  y_path_string: 
  resolved_y_path: /Users/jihojun/chiptherm/data/runs/benchmarks/benchmark_extension_v1/pilot/case19/sample_000041/parsed/temp_layer0.npy
  path_y_exists: False
  sample_directory_exists: True
  source_directory_exists: True
  prior_status: none
  failure_record_presence: False
  retry_count: 0
  retry_exhausted: False
  resume_skip_reason: 
  final_should_schedule: True
  exact_exclusion_reason: 
UID benchmark_extension_v1_case19_sample_000042: scheduled because durable label is missing
  y_path_string: 
  resolved_y_path: /Users/jihojun/chiptherm/data/runs/benchmarks/benchmark_extension_v1/pilot/case19/sample_000042/parsed/temp_layer0.npy
  path_y_exists: False
  sample_directory_exists: True
  source_directory_exists: True
  prior_status: none
  failure_record_presence: False
  retry_count: 0
  retry_exhausted: False
  resume_skip_reason: 
  final_should_schedule: True
  exact_exclusion_reason: 
UID benchmark_extension_v1_case19_sample_000043: scheduled because durable label is missing
  y_path_string: 
  resolved_y_path: /Users/jihojun/chiptherm/data/runs/benchmarks/benchmark_extension_v1/pilot/case19/sample_000043/parsed/temp_layer0.npy
  path_y_exists: False
  sample_directory_exists: True
  source_directory_exists: True
  prior_status: none
  failure_record_presence: False
  retry_count: 0
  retry_exhausted: False
  resume_skip_reason: 
  final_should_schedule: True
  exact_exclusion_reason: 
UID benchmark_extension_v1_case19_sample_000044: scheduled because durable label is missing
  y_path_string: 
  resolved_y_path: /Users/jihojun/chiptherm/data/runs/benchmarks/benchmark_extension_v1/pilot/case19/sample_000044/parsed/temp_layer0.npy
  path_y_exists: False
  sample_directory_exists: True
  source_directory_exists: True
  prior_status: none
  failure_record_presence: False
  retry_count: 0
  retry_exhausted: False
  resume_skip_reason: 
  final_should_schedule: True
  exact_exclusion_reason: 
UID benchmark_extension_v1_case19_sample_000045: generated valid source on attempt 1 (candidate_seed=4072653997925374)
UID benchmark_extension_v1_case19_sample_000045: scheduled because durable label is missing
  y_path_string: 
  resolved_y_path: /Users/jihojun/chiptherm/data/runs/benchmarks/benchmark_extension_v1/pilot/case19/sample_000045/parsed/temp_layer0.npy
  path_y_exists: False
  sample_directory_exists: True
  source_directory_exists: True
  prior_status: none
  failure_record_presence: False
  retry_count: 0
  retry_exhausted: False
  resume_skip_reason: 
  final_should_schedule: True
  exact_exclusion_reason: 
UID benchmark_extension_v1_case19_sample_000046: scheduled because durable label is missing
  y_path_string: 
  resolved_y_path: /Users/jihojun/chiptherm/data/runs/benchmarks/benchmark_extension_v1/pilot/case19/sample_000046/parsed/temp_layer0.npy
  path_y_exists: False
  sample_directory_exists: True
  source_directory_exists: True
  prior_status: none
  failure_record_presence: False
  retry_count: 0
  retry_exhausted: False
  resume_skip_reason: 
  final_should_schedule: True
  exact_exclusion_reason: 
UID benchmark_extension_v1_case19_sample_000047: scheduled because durable label is missing
  y_path_string: 
  resolved_y_path: /Users/jihojun/chiptherm/data/runs/benchmarks/benchmark_extension_v1/pilot/case19/sample_000047/parsed/temp_layer0.npy
  path_y_exists: False
  sample_directory_exists: True
  source_directory_exists: True
  prior_status: none
  failure_record_presence: False
  retry_count: 0
  retry_exhausted: False
  resume_skip_reason: 
  final_should_schedule: True
  exact_exclusion_reason: 
UID benchmark_extension_v1_case19_sample_000048: generated valid source on attempt 1 (candidate_seed=4072653997925377)
UID benchmark_extension_v1_case19_sample_000048: scheduled because durable label is missing
  y_path_string: 
  resolved_y_path: /Users/jihojun/chiptherm/data/runs/benchmarks/benchmark_extension_v1/pilot/case19/sample_000048/parsed/temp_layer0.npy
  path_y_exists: False
  sample_directory_exists: True
  source_directory_exists: True
  prior_status: none
  failure_record_presence: False
  retry_count: 0
  retry_exhausted: False
  resume_skip_reason: 
  final_should_schedule: True
  exact_exclusion_reason: 
UID benchmark_extension_v1_case19_sample_000049: scheduled because durable label is missing
  y_path_string: 
  resolved_y_path: /Users/jihojun/chiptherm/data/runs/benchmarks/benchmark_extension_v1/pilot/case19/sample_000049/parsed/temp_layer0.npy
  path_y_exists: False
  sample_directory_exists: True
  source_directory_exists: True
  prior_status: none
  failure_record_presence: False
  retry_count: 0
  retry_exhausted: False
  resume_skip_reason: 
  final_should_schedule: True
  exact_exclusion_reason: 
UID benchmark_extension_v1_case19_sample_000050: scheduled because durable label is missing
  y_path_string: 
  resolved_y_path: /Users/jihojun/chiptherm/data/runs/benchmarks/benchmark_extension_v1/pilot/case19/sample_000050/parsed/temp_layer0.npy
  path_y_exists: False
  sample_directory_exists: True
  source_directory_exists: True
  prior_status: none
  failure_record_presence: False
  retry_count: 0
  retry_exhausted: False
  resume_skip_reason: 
  final_should_schedule: True
  exact_exclusion_reason: 
UID benchmark_extension_v1_case20_sample_000001: generated valid source on attempt 1 (candidate_seed=3901189002531887)
UID benchmark_extension_v1_case20_sample_000001: scheduled because durable label is missing
  y_path_string: 
  resolved_y_path: /Users/jihojun/chiptherm/data/runs/benchmarks/benchmark_extension_v1/pilot/case20/sample_000001/parsed/temp_layer0.npy
  path_y_exists: False
  sample_directory_exists: True
  source_directory_exists: True
  prior_status: none
  failure_record_presence: False
  retry_count: 0
  retry_exhausted: False
  resume_skip_reason: 
  final_should_schedule: True
  exact_exclusion_reason: 
UID benchmark_extension_v1_case20_sample_000002: scheduled because durable label is missing
  y_path_string: 
  resolved_y_path: /Users/jihojun/chiptherm/data/runs/benchmarks/benchmark_extension_v1/pilot/case20/sample_000002/parsed/temp_layer0.npy
  path_y_exists: False
  sample_directory_exists: True
  source_directory_exists: True
  prior_status: none
  failure_record_presence: False
  retry_count: 0
  retry_exhausted: False
  resume_skip_reason: 
  final_should_schedule: True
  exact_exclusion_reason: 
UID benchmark_extension_v1_case20_sample_000003: scheduled because durable label is missing
  y_path_string: 
  resolved_y_path: /Users/jihojun/chiptherm/data/runs/benchmarks/benchmark_extension_v1/pilot/case20/sample_000003/parsed/temp_layer0.npy
  path_y_exists: False
  sample_directory_exists: True
  source_directory_exists: True
  prior_status: none
  failure_record_presence: False
  retry_count: 0
  retry_exhausted: False
  resume_skip_reason: 
  final_should_schedule: True
  exact_exclusion_reason: 
UID benchmark_extension_v1_case20_sample_000004: scheduled because durable label is missing
  y_path_string: 
  resolved_y_path: /Users/jihojun/chiptherm/data/runs/benchmarks/benchmark_extension_v1/pilot/case20/sample_000004/parsed/temp_layer0.npy
  path_y_exists: False
  sample_directory_exists: True
  source_directory_exists: True
  prior_status: none
  failure_record_presence: False
  retry_count: 0
  retry_exhausted: False
  resume_skip_reason: 
  final_should_schedule: True
  exact_exclusion_reason: 
UID benchmark_extension_v1_case20_sample_000005: scheduled because durable label is missing
  y_path_string: 
  resolved_y_path: /Users/jihojun/chiptherm/data/runs/benchmarks/benchmark_extension_v1/pilot/case20/sample_000005/parsed/temp_layer0.npy
  path_y_exists: False
  sample_directory_exists: True
  source_directory_exists: True
  prior_status: none
  failure_record_presence: False
  retry_count: 0
  retry_exhausted: False
  resume_skip_reason: 
  final_should_schedule: True
  exact_exclusion_reason: 
UID benchmark_extension_v1_case20_sample_000006: scheduled because durable label is missing
  y_path_string: 
  resolved_y_path: /Users/jihojun/chiptherm/data/runs/benchmarks/benchmark_extension_v1/pilot/case20/sample_000006/parsed/temp_layer0.npy
  path_y_exists: False
  sample_directory_exists: True
  source_directory_exists: True
  prior_status: none
  failure_record_presence: False
  retry_count: 0
  retry_exhausted: False
  resume_skip_reason: 
  final_should_schedule: True
  exact_exclusion_reason: 
UID benchmark_extension_v1_case20_sample_000007: scheduled because durable label is missing
  y_path_string: 
  resolved_y_path: /Users/jihojun/chiptherm/data/runs/benchmarks/benchmark_extension_v1/pilot/case20/sample_000007/parsed/temp_layer0.npy
  path_y_exists: False
  sample_directory_exists: True
  source_directory_exists: True
  prior_status: none
  failure_record_presence: False
  retry_count: 0
  retry_exhausted: False
  resume_skip_reason: 
  final_should_schedule: True
  exact_exclusion_reason: 
UID benchmark_extension_v1_case20_sample_000008: scheduled because durable label is missing
  y_path_string: 
  resolved_y_path: /Users/jihojun/chiptherm/data/runs/benchmarks/benchmark_extension_v1/pilot/case20/sample_000008/parsed/temp_layer0.npy
  path_y_exists: False
  sample_directory_exists: True
  source_directory_exists: True
  prior_status: none
  failure_record_presence: False
  retry_count: 0
  retry_exhausted: False
  resume_skip_reason: 
  final_should_schedule: True
  exact_exclusion_reason: 
UID benchmark_extension_v1_case20_sample_000009: scheduled because durable label is missing
  y_path_string: 
  resolved_y_path: /Users/jihojun/chiptherm/data/runs/benchmarks/benchmark_extension_v1/pilot/case20/sample_000009/parsed/temp_layer0.npy
  path_y_exists: False
  sample_directory_exists: True
  source_directory_exists: True
  prior_status: none
  failure_record_presence: False
  retry_count: 0
  retry_exhausted: False
  resume_skip_reason: 
  final_should_schedule: True
  exact_exclusion_reason: 
UID benchmark_extension_v1_case20_sample_000010: scheduled because durable label is missing
  y_path_string: 
  resolved_y_path: /Users/jihojun/chiptherm/data/runs/benchmarks/benchmark_extension_v1/pilot/case20/sample_000010/parsed/temp_layer0.npy
  path_y_exists: False
  sample_directory_exists: True
  source_directory_exists: True
  prior_status: none
  failure_record_presence: False
  retry_count: 0
  retry_exhausted: False
  resume_skip_reason: 
  final_should_schedule: True
  exact_exclusion_reason: 
UID benchmark_extension_v1_case20_sample_000011: scheduled because durable label is missing
  y_path_string: 
  resolved_y_path: /Users/jihojun/chiptherm/data/runs/benchmarks/benchmark_extension_v1/pilot/case20/sample_000011/parsed/temp_layer0.npy
  path_y_exists: False
  sample_directory_exists: True
  source_directory_exists: True
  prior_status: none
  failure_record_presence: False
  retry_count: 0
  retry_exhausted: False
  resume_skip_reason: 
  final_should_schedule: True
  exact_exclusion_reason: 
UID benchmark_extension_v1_case20_sample_000012: scheduled because durable label is missing
  y_path_string: 
  resolved_y_path: /Users/jihojun/chiptherm/data/runs/benchmarks/benchmark_extension_v1/pilot/case20/sample_000012/parsed/temp_layer0.npy
  path_y_exists: False
  sample_directory_exists: True
  source_directory_exists: True
  prior_status: none
  failure_record_presence: False
  retry_count: 0
  retry_exhausted: False
  resume_skip_reason: 
  final_should_schedule: True
  exact_exclusion_reason: 
UID benchmark_extension_v1_case20_sample_000013: scheduled because durable label is missing
  y_path_string: 
  resolved_y_path: /Users/jihojun/chiptherm/data/runs/benchmarks/benchmark_extension_v1/pilot/case20/sample_000013/parsed/temp_layer0.npy
  path_y_exists: False
  sample_directory_exists: True
  source_directory_exists: True
  prior_status: none
  failure_record_presence: False
  retry_count: 0
  retry_exhausted: False
  resume_skip_reason: 
  final_should_schedule: True
  exact_exclusion_reason: 
UID benchmark_extension_v1_case20_sample_000014: scheduled because durable label is missing
  y_path_string: 
  resolved_y_path: /Users/jihojun/chiptherm/data/runs/benchmarks/benchmark_extension_v1/pilot/case20/sample_000014/parsed/temp_layer0.npy
  path_y_exists: False
  sample_directory_exists: True
  source_directory_exists: True
  prior_status: none
  failure_record_presence: False
  retry_count: 0
  retry_exhausted: False
  resume_skip_reason: 
  final_should_schedule: True
  exact_exclusion_reason: 
UID benchmark_extension_v1_case20_sample_000015: scheduled because durable label is missing
  y_path_string: 
  resolved_y_path: /Users/jihojun/chiptherm/data/runs/benchmarks/benchmark_extension_v1/pilot/case20/sample_000015/parsed/temp_layer0.npy
  path_y_exists: False
  sample_directory_exists: True
  source_directory_exists: True
  prior_status: none
  failure_record_presence: False
  retry_count: 0
  retry_exhausted: False
  resume_skip_reason: 
  final_should_schedule: True
  exact_exclusion_reason: 
UID benchmark_extension_v1_case20_sample_000016: scheduled because durable label is missing
  y_path_string: 
  resolved_y_path: /Users/jihojun/chiptherm/data/runs/benchmarks/benchmark_extension_v1/pilot/case20/sample_000016/parsed/temp_layer0.npy
  path_y_exists: False
  sample_directory_exists: True
  source_directory_exists: True
  prior_status: none
  failure_record_presence: False
  retry_count: 0
  retry_exhausted: False
  resume_skip_reason: 
  final_should_schedule: True
  exact_exclusion_reason: 
UID benchmark_extension_v1_case20_sample_000017: scheduled because durable label is missing
  y_path_string: 
  resolved_y_path: /Users/jihojun/chiptherm/data/runs/benchmarks/benchmark_extension_v1/pilot/case20/sample_000017/parsed/temp_layer0.npy
  path_y_exists: False
  sample_directory_exists: True
  source_directory_exists: True
  prior_status: none
  failure_record_presence: False
  retry_count: 0
  retry_exhausted: False
  resume_skip_reason: 
  final_should_schedule: True
  exact_exclusion_reason: 
UID benchmark_extension_v1_case20_sample_000018: scheduled because durable label is missing
  y_path_string: 
  resolved_y_path: /Users/jihojun/chiptherm/data/runs/benchmarks/benchmark_extension_v1/pilot/case20/sample_000018/parsed/temp_layer0.npy
  path_y_exists: False
  sample_directory_exists: True
  source_directory_exists: True
  prior_status: none
  failure_record_presence: False
  retry_count: 0
  retry_exhausted: False
  resume_skip_reason: 
  final_should_schedule: True
  exact_exclusion_reason: 
UID benchmark_extension_v1_case20_sample_000019: scheduled because durable label is missing
  y_path_string: 
  resolved_y_path: /Users/jihojun/chiptherm/data/runs/benchmarks/benchmark_extension_v1/pilot/case20/sample_000019/parsed/temp_layer0.npy
  path_y_exists: False
  sample_directory_exists: True
  source_directory_exists: True
  prior_status: none
  failure_record_presence: False
  retry_count: 0
  retry_exhausted: False
  resume_skip_reason: 
  final_should_schedule: True
  exact_exclusion_reason: 
UID benchmark_extension_v1_case20_sample_000020: scheduled because durable label is missing
  y_path_string: 
  resolved_y_path: /Users/jihojun/chiptherm/data/runs/benchmarks/benchmark_extension_v1/pilot/case20/sample_000020/parsed/temp_layer0.npy
  path_y_exists: False
  sample_directory_exists: True
  source_directory_exists: True
  prior_status: none
  failure_record_presence: False
  retry_count: 0
  retry_exhausted: False
  resume_skip_reason: 
  final_should_schedule: True
  exact_exclusion_reason: 
UID benchmark_extension_v1_case20_sample_000021: scheduled because durable label is missing
  y_path_string: 
  resolved_y_path: /Users/jihojun/chiptherm/data/runs/benchmarks/benchmark_extension_v1/pilot/case20/sample_000021/parsed/temp_layer0.npy
  path_y_exists: False
  sample_directory_exists: True
  source_directory_exists: True
  prior_status: none
  failure_record_presence: False
  retry_count: 0
  retry_exhausted: False
  resume_skip_reason: 
  final_should_schedule: True
  exact_exclusion_reason: 
UID benchmark_extension_v1_case20_sample_000022: scheduled because durable label is missing
  y_path_string: 
  resolved_y_path: /Users/jihojun/chiptherm/data/runs/benchmarks/benchmark_extension_v1/pilot/case20/sample_000022/parsed/temp_layer0.npy
  path_y_exists: False
  sample_directory_exists: True
  source_directory_exists: True
  prior_status: none
  failure_record_presence: False
  retry_count: 0
  retry_exhausted: False
  resume_skip_reason: 
  final_should_schedule: True
  exact_exclusion_reason: 
UID benchmark_extension_v1_case20_sample_000023: scheduled because durable label is missing
  y_path_string: 
  resolved_y_path: /Users/jihojun/chiptherm/data/runs/benchmarks/benchmark_extension_v1/pilot/case20/sample_000023/parsed/temp_layer0.npy
  path_y_exists: False
  sample_directory_exists: True
  source_directory_exists: True
  prior_status: none
  failure_record_presence: False
  retry_count: 0
  retry_exhausted: False
  resume_skip_reason: 
  final_should_schedule: True
  exact_exclusion_reason: 
UID benchmark_extension_v1_case20_sample_000024: scheduled because durable label is missing
  y_path_string: 
  resolved_y_path: /Users/jihojun/chiptherm/data/runs/benchmarks/benchmark_extension_v1/pilot/case20/sample_000024/parsed/temp_layer0.npy
  path_y_exists: False
  sample_directory_exists: True
  source_directory_exists: True
  prior_status: none
  failure_record_presence: False
  retry_count: 0
  retry_exhausted: False
  resume_skip_reason: 
  final_should_schedule: True
  exact_exclusion_reason: 
UID benchmark_extension_v1_case20_sample_000025: scheduled because durable label is missing
  y_path_string: 
  resolved_y_path: /Users/jihojun/chiptherm/data/runs/benchmarks/benchmark_extension_v1/pilot/case20/sample_000025/parsed/temp_layer0.npy
  path_y_exists: False
  sample_directory_exists: True
  source_directory_exists: True
  prior_status: none
  failure_record_presence: False
  retry_count: 0
  retry_exhausted: False
  resume_skip_reason: 
  final_should_schedule: True
  exact_exclusion_reason: 
UID benchmark_extension_v1_case20_sample_000026: scheduled because durable label is missing
  y_path_string: 
  resolved_y_path: /Users/jihojun/chiptherm/data/runs/benchmarks/benchmark_extension_v1/pilot/case20/sample_000026/parsed/temp_layer0.npy
  path_y_exists: False
  sample_directory_exists: True
  source_directory_exists: True
  prior_status: none
  failure_record_presence: False
  retry_count: 0
  retry_exhausted: False
  resume_skip_reason: 
  final_should_schedule: True
  exact_exclusion_reason: 
UID benchmark_extension_v1_case20_sample_000027: scheduled because durable label is missing
  y_path_string: 
  resolved_y_path: /Users/jihojun/chiptherm/data/runs/benchmarks/benchmark_extension_v1/pilot/case20/sample_000027/parsed/temp_layer0.npy
  path_y_exists: False
  sample_directory_exists: True
  source_directory_exists: True
  prior_status: none
  failure_record_presence: False
  retry_count: 0
  retry_exhausted: False
  resume_skip_reason: 
  final_should_schedule: True
  exact_exclusion_reason: 
UID benchmark_extension_v1_case20_sample_000028: scheduled because durable label is missing
  y_path_string: 
  resolved_y_path: /Users/jihojun/chiptherm/data/runs/benchmarks/benchmark_extension_v1/pilot/case20/sample_000028/parsed/temp_layer0.npy
  path_y_exists: False
  sample_directory_exists: True
  source_directory_exists: True
  prior_status: none
  failure_record_presence: False
  retry_count: 0
  retry_exhausted: False
  resume_skip_reason: 
  final_should_schedule: True
  exact_exclusion_reason: 
UID benchmark_extension_v1_case20_sample_000029: scheduled because durable label is missing
  y_path_string: 
  resolved_y_path: /Users/jihojun/chiptherm/data/runs/benchmarks/benchmark_extension_v1/pilot/case20/sample_000029/parsed/temp_layer0.npy
  path_y_exists: False
  sample_directory_exists: True
  source_directory_exists: True
  prior_status: none
  failure_record_presence: False
  retry_count: 0
  retry_exhausted: False
  resume_skip_reason: 
  final_should_schedule: True
  exact_exclusion_reason: 
UID benchmark_extension_v1_case20_sample_000030: scheduled because durable label is missing
  y_path_string: 
  resolved_y_path: /Users/jihojun/chiptherm/data/runs/benchmarks/benchmark_extension_v1/pilot/case20/sample_000030/parsed/temp_layer0.npy
  path_y_exists: False
  sample_directory_exists: True
  source_directory_exists: True
  prior_status: none
  failure_record_presence: False
  retry_count: 0
  retry_exhausted: False
  resume_skip_reason: 
  final_should_schedule: True
  exact_exclusion_reason: 
UID benchmark_extension_v1_case20_sample_000031: scheduled because durable label is missing
  y_path_string: 
  resolved_y_path: /Users/jihojun/chiptherm/data/runs/benchmarks/benchmark_extension_v1/pilot/case20/sample_000031/parsed/temp_layer0.npy
  path_y_exists: False
  sample_directory_exists: True
  source_directory_exists: True
  prior_status: none
  failure_record_presence: False
  retry_count: 0
  retry_exhausted: False
  resume_skip_reason: 
  final_should_schedule: True
  exact_exclusion_reason: 
UID benchmark_extension_v1_case20_sample_000032: scheduled because durable label is missing
  y_path_string: 
  resolved_y_path: /Users/jihojun/chiptherm/data/runs/benchmarks/benchmark_extension_v1/pilot/case20/sample_000032/parsed/temp_layer0.npy
  path_y_exists: False
  sample_directory_exists: True
  source_directory_exists: True
  prior_status: none
  failure_record_presence: False
  retry_count: 0
  retry_exhausted: False
  resume_skip_reason: 
  final_should_schedule: True
  exact_exclusion_reason: 
UID benchmark_extension_v1_case20_sample_000033: scheduled because durable label is missing
  y_path_string: 
  resolved_y_path: /Users/jihojun/chiptherm/data/runs/benchmarks/benchmark_extension_v1/pilot/case20/sample_000033/parsed/temp_layer0.npy
  path_y_exists: False
  sample_directory_exists: True
  source_directory_exists: True
  prior_status: none
  failure_record_presence: False
  retry_count: 0
  retry_exhausted: False
  resume_skip_reason: 
  final_should_schedule: True
  exact_exclusion_reason: 
UID benchmark_extension_v1_case20_sample_000034: generated valid source on attempt 1 (candidate_seed=3901189002531920)
UID benchmark_extension_v1_case20_sample_000034: scheduled because durable label is missing
  y_path_string: 
  resolved_y_path: /Users/jihojun/chiptherm/data/runs/benchmarks/benchmark_extension_v1/pilot/case20/sample_000034/parsed/temp_layer0.npy
  path_y_exists: False
  sample_directory_exists: True
  source_directory_exists: True
  prior_status: none
  failure_record_presence: False
  retry_count: 0
  retry_exhausted: False
  resume_skip_reason: 
  final_should_schedule: True
  exact_exclusion_reason: 
UID benchmark_extension_v1_case20_sample_000035: scheduled because durable label is missing
  y_path_string: 
  resolved_y_path: /Users/jihojun/chiptherm/data/runs/benchmarks/benchmark_extension_v1/pilot/case20/sample_000035/parsed/temp_layer0.npy
  path_y_exists: False
  sample_directory_exists: True
  source_directory_exists: True
  prior_status: none
  failure_record_presence: False
  retry_count: 0
  retry_exhausted: False
  resume_skip_reason: 
  final_should_schedule: True
  exact_exclusion_reason: 
UID benchmark_extension_v1_case20_sample_000036: scheduled because durable label is missing
  y_path_string: 
  resolved_y_path: /Users/jihojun/chiptherm/data/runs/benchmarks/benchmark_extension_v1/pilot/case20/sample_000036/parsed/temp_layer0.npy
  path_y_exists: False
  sample_directory_exists: True
  source_directory_exists: True
  prior_status: none
  failure_record_presence: False
  retry_count: 0
  retry_exhausted: False
  resume_skip_reason: 
  final_should_schedule: True
  exact_exclusion_reason: 
UID benchmark_extension_v1_case20_sample_000037: scheduled because durable label is missing
  y_path_string: 
  resolved_y_path: /Users/jihojun/chiptherm/data/runs/benchmarks/benchmark_extension_v1/pilot/case20/sample_000037/parsed/temp_layer0.npy
  path_y_exists: False
  sample_directory_exists: True
  source_directory_exists: True
  prior_status: none
  failure_record_presence: False
  retry_count: 0
  retry_exhausted: False
  resume_skip_reason: 
  final_should_schedule: True
  exact_exclusion_reason: 
UID benchmark_extension_v1_case20_sample_000038: scheduled because durable label is missing
  y_path_string: 
  resolved_y_path: /Users/jihojun/chiptherm/data/runs/benchmarks/benchmark_extension_v1/pilot/case20/sample_000038/parsed/temp_layer0.npy
  path_y_exists: False
  sample_directory_exists: True
  source_directory_exists: True
  prior_status: none
  failure_record_presence: False
  retry_count: 0
  retry_exhausted: False
  resume_skip_reason: 
  final_should_schedule: True
  exact_exclusion_reason: 
UID benchmark_extension_v1_case20_sample_000039: scheduled because durable label is missing
  y_path_string: 
  resolved_y_path: /Users/jihojun/chiptherm/data/runs/benchmarks/benchmark_extension_v1/pilot/case20/sample_000039/parsed/temp_layer0.npy
  path_y_exists: False
  sample_directory_exists: True
  source_directory_exists: True
  prior_status: none
  failure_record_presence: False
  retry_count: 0
  retry_exhausted: False
  resume_skip_reason: 
  final_should_schedule: True
  exact_exclusion_reason: 
UID benchmark_extension_v1_case20_sample_000040: scheduled because durable label is missing
  y_path_string: 
  resolved_y_path: /Users/jihojun/chiptherm/data/runs/benchmarks/benchmark_extension_v1/pilot/case20/sample_000040/parsed/temp_layer0.npy
  path_y_exists: False
  sample_directory_exists: True
  source_directory_exists: True
  prior_status: none
  failure_record_presence: False
  retry_count: 0
  retry_exhausted: False
  resume_skip_reason: 
  final_should_schedule: True
  exact_exclusion_reason: 
UID benchmark_extension_v1_case20_sample_000041: scheduled because durable label is missing
  y_path_string: 
  resolved_y_path: /Users/jihojun/chiptherm/data/runs/benchmarks/benchmark_extension_v1/pilot/case20/sample_000041/parsed/temp_layer0.npy
  path_y_exists: False
  sample_directory_exists: True
  source_directory_exists: True
  prior_status: none
  failure_record_presence: False
  retry_count: 0
  retry_exhausted: False
  resume_skip_reason: 
  final_should_schedule: True
  exact_exclusion_reason: 
UID benchmark_extension_v1_case20_sample_000042: generated valid source on attempt 1 (candidate_seed=3901189002531928)
UID benchmark_extension_v1_case20_sample_000042: scheduled because durable label is missing
  y_path_string: 
  resolved_y_path: /Users/jihojun/chiptherm/data/runs/benchmarks/benchmark_extension_v1/pilot/case20/sample_000042/parsed/temp_layer0.npy
  path_y_exists: False
  sample_directory_exists: True
  source_directory_exists: True
  prior_status: none
  failure_record_presence: False
  retry_count: 0
  retry_exhausted: False
  resume_skip_reason: 
  final_should_schedule: True
  exact_exclusion_reason: 
UID benchmark_extension_v1_case20_sample_000043: scheduled because durable label is missing
  y_path_string: 
  resolved_y_path: /Users/jihojun/chiptherm/data/runs/benchmarks/benchmark_extension_v1/pilot/case20/sample_000043/parsed/temp_layer0.npy
  path_y_exists: False
  sample_directory_exists: True
  source_directory_exists: True
  prior_status: none
  failure_record_presence: False
  retry_count: 0
  retry_exhausted: False
  resume_skip_reason: 
  final_should_schedule: True
  exact_exclusion_reason: 
UID benchmark_extension_v1_case20_sample_000044: scheduled because durable label is missing
  y_path_string: 
  resolved_y_path: /Users/jihojun/chiptherm/data/runs/benchmarks/benchmark_extension_v1/pilot/case20/sample_000044/parsed/temp_layer0.npy
  path_y_exists: False
  sample_directory_exists: True
  source_directory_exists: True
  prior_status: none
  failure_record_presence: False
  retry_count: 0
  retry_exhausted: False
  resume_skip_reason: 
  final_should_schedule: True
  exact_exclusion_reason: 
UID benchmark_extension_v1_case20_sample_000045: scheduled because durable label is missing
  y_path_string: 
  resolved_y_path: /Users/jihojun/chiptherm/data/runs/benchmarks/benchmark_extension_v1/pilot/case20/sample_000045/parsed/temp_layer0.npy
  path_y_exists: False
  sample_directory_exists: True
  source_directory_exists: True
  prior_status: none
  failure_record_presence: False
  retry_count: 0
  retry_exhausted: False
  resume_skip_reason: 
  final_should_schedule: True
  exact_exclusion_reason: 
UID benchmark_extension_v1_case20_sample_000046: scheduled because durable label is missing
  y_path_string: 
  resolved_y_path: /Users/jihojun/chiptherm/data/runs/benchmarks/benchmark_extension_v1/pilot/case20/sample_000046/parsed/temp_layer0.npy
  path_y_exists: False
  sample_directory_exists: True
  source_directory_exists: True
  prior_status: none
  failure_record_presence: False
  retry_count: 0
  retry_exhausted: False
  resume_skip_reason: 
  final_should_schedule: True
  exact_exclusion_reason: 
UID benchmark_extension_v1_case20_sample_000047: scheduled because durable label is missing
  y_path_string: 
  resolved_y_path: /Users/jihojun/chiptherm/data/runs/benchmarks/benchmark_extension_v1/pilot/case20/sample_000047/parsed/temp_layer0.npy
  path_y_exists: False
  sample_directory_exists: True
  source_directory_exists: True
  prior_status: none
  failure_record_presence: False
  retry_count: 0
  retry_exhausted: False
  resume_skip_reason: 
  final_should_schedule: True
  exact_exclusion_reason: 
UID benchmark_extension_v1_case20_sample_000048: scheduled because durable label is missing
  y_path_string: 
  resolved_y_path: /Users/jihojun/chiptherm/data/runs/benchmarks/benchmark_extension_v1/pilot/case20/sample_000048/parsed/temp_layer0.npy
  path_y_exists: False
  sample_directory_exists: True
  source_directory_exists: True
  prior_status: none
  failure_record_presence: False
  retry_count: 0
  retry_exhausted: False
  resume_skip_reason: 
  final_should_schedule: True
  exact_exclusion_reason: 
UID benchmark_extension_v1_case20_sample_000049: scheduled because durable label is missing
  y_path_string: 
  resolved_y_path: /Users/jihojun/chiptherm/data/runs/benchmarks/benchmark_extension_v1/pilot/case20/sample_000049/parsed/temp_layer0.npy
  path_y_exists: False
  sample_directory_exists: True
  source_directory_exists: True
  prior_status: none
  failure_record_presence: False
  retry_count: 0
  retry_exhausted: False
  resume_skip_reason: 
  final_should_schedule: True
  exact_exclusion_reason: 
UID benchmark_extension_v1_case20_sample_000050: scheduled because durable label is missing
  y_path_string: 
  resolved_y_path: /Users/jihojun/chiptherm/data/runs/benchmarks/benchmark_extension_v1/pilot/case20/sample_000050/parsed/temp_layer0.npy
  path_y_exists: False
  sample_directory_exists: True
  source_directory_exists: True
  prior_status: none
  failure_record_presence: False
  retry_count: 0
  retry_exhausted: False
  resume_skip_reason: 
  final_should_schedule: True
  exact_exclusion_reason: 
Matched UIDs: []
Scheduled UIDs: ['benchmark_extension_v1_case11_sample_000001', 'benchmark_extension_v1_case11_sample_000002', 'benchmark_extension_v1_case11_sample_000003', 'benchmark_extension_v1_case11_sample_000004', 'benchmark_extension_v1_case11_sample_000005', 'benchmark_extension_v1_case11_sample_000006', 'benchmark_extension_v1_case11_sample_000007', 'benchmark_extension_v1_case11_sample_000008', 'benchmark_extension_v1_case11_sample_000009', 'benchmark_extension_v1_case11_sample_000010', 'benchmark_extension_v1_case11_sample_000011', 'benchmark_extension_v1_case11_sample_000012', 'benchmark_extension_v1_case11_sample_000013', 'benchmark_extension_v1_case11_sample_000014', 'benchmark_extension_v1_case11_sample_000015', 'benchmark_extension_v1_case11_sample_000016', 'benchmark_extension_v1_case11_sample_000017', 'benchmark_extension_v1_case11_sample_000018', 'benchmark_extension_v1_case11_sample_000019', 'benchmark_extension_v1_case11_sample_000020', 'benchmark_extension_v1_case11_sample_000021', 'benchmark_extension_v1_case11_sample_000022', 'benchmark_extension_v1_case11_sample_000023', 'benchmark_extension_v1_case11_sample_000024', 'benchmark_extension_v1_case11_sample_000025', 'benchmark_extension_v1_case11_sample_000026', 'benchmark_extension_v1_case11_sample_000027', 'benchmark_extension_v1_case11_sample_000028', 'benchmark_extension_v1_case11_sample_000029', 'benchmark_extension_v1_case11_sample_000030', 'benchmark_extension_v1_case11_sample_000031', 'benchmark_extension_v1_case11_sample_000032', 'benchmark_extension_v1_case11_sample_000033', 'benchmark_extension_v1_case11_sample_000034', 'benchmark_extension_v1_case11_sample_000035', 'benchmark_extension_v1_case11_sample_000036', 'benchmark_extension_v1_case11_sample_000037', 'benchmark_extension_v1_case11_sample_000038', 'benchmark_extension_v1_case11_sample_000039', 'benchmark_extension_v1_case11_sample_000040', 'benchmark_extension_v1_case11_sample_000041', 'benchmark_extension_v1_case11_sample_000042', 'benchmark_extension_v1_case11_sample_000043', 'benchmark_extension_v1_case11_sample_000044', 'benchmark_extension_v1_case11_sample_000045', 'benchmark_extension_v1_case11_sample_000046', 'benchmark_extension_v1_case11_sample_000047', 'benchmark_extension_v1_case11_sample_000048', 'benchmark_extension_v1_case11_sample_000049', 'benchmark_extension_v1_case11_sample_000050', 'benchmark_extension_v1_case12_sample_000001', 'benchmark_extension_v1_case12_sample_000002', 'benchmark_extension_v1_case12_sample_000003', 'benchmark_extension_v1_case12_sample_000004', 'benchmark_extension_v1_case12_sample_000005', 'benchmark_extension_v1_case12_sample_000006', 'benchmark_extension_v1_case12_sample_000007', 'benchmark_extension_v1_case12_sample_000008', 'benchmark_extension_v1_case12_sample_000009', 'benchmark_extension_v1_case12_sample_000010', 'benchmark_extension_v1_case12_sample_000011', 'benchmark_extension_v1_case12_sample_000012', 'benchmark_extension_v1_case12_sample_000013', 'benchmark_extension_v1_case12_sample_000014', 'benchmark_extension_v1_case12_sample_000015', 'benchmark_extension_v1_case12_sample_000016', 'benchmark_extension_v1_case12_sample_000017', 'benchmark_extension_v1_case12_sample_000018', 'benchmark_extension_v1_case12_sample_000019', 'benchmark_extension_v1_case12_sample_000020', 'benchmark_extension_v1_case12_sample_000021', 'benchmark_extension_v1_case12_sample_000022', 'benchmark_extension_v1_case12_sample_000023', 'benchmark_extension_v1_case12_sample_000024', 'benchmark_extension_v1_case12_sample_000025', 'benchmark_extension_v1_case12_sample_000026', 'benchmark_extension_v1_case12_sample_000027', 'benchmark_extension_v1_case12_sample_000028', 'benchmark_extension_v1_case12_sample_000029', 'benchmark_extension_v1_case12_sample_000030', 'benchmark_extension_v1_case12_sample_000031', 'benchmark_extension_v1_case12_sample_000032', 'benchmark_extension_v1_case12_sample_000033', 'benchmark_extension_v1_case12_sample_000034', 'benchmark_extension_v1_case12_sample_000035', 'benchmark_extension_v1_case12_sample_000036', 'benchmark_extension_v1_case12_sample_000037', 'benchmark_extension_v1_case12_sample_000038', 'benchmark_extension_v1_case12_sample_000039', 'benchmark_extension_v1_case12_sample_000040', 'benchmark_extension_v1_case12_sample_000041', 'benchmark_extension_v1_case12_sample_000042', 'benchmark_extension_v1_case12_sample_000043', 'benchmark_extension_v1_case12_sample_000044', 'benchmark_extension_v1_case12_sample_000045', 'benchmark_extension_v1_case12_sample_000046', 'benchmark_extension_v1_case12_sample_000047', 'benchmark_extension_v1_case12_sample_000048', 'benchmark_extension_v1_case12_sample_000049', 'benchmark_extension_v1_case12_sample_000050', 'benchmark_extension_v1_case13_sample_000001', 'benchmark_extension_v1_case13_sample_000002', 'benchmark_extension_v1_case13_sample_000003', 'benchmark_extension_v1_case13_sample_000004', 'benchmark_extension_v1_case13_sample_000005', 'benchmark_extension_v1_case13_sample_000006', 'benchmark_extension_v1_case13_sample_000007', 'benchmark_extension_v1_case13_sample_000008', 'benchmark_extension_v1_case13_sample_000009', 'benchmark_extension_v1_case13_sample_000010', 'benchmark_extension_v1_case13_sample_000011', 'benchmark_extension_v1_case13_sample_000012', 'benchmark_extension_v1_case13_sample_000013', 'benchmark_extension_v1_case13_sample_000014', 'benchmark_extension_v1_case13_sample_000015', 'benchmark_extension_v1_case13_sample_000016', 'benchmark_extension_v1_case13_sample_000017', 'benchmark_extension_v1_case13_sample_000018', 'benchmark_extension_v1_case13_sample_000019', 'benchmark_extension_v1_case13_sample_000020', 'benchmark_extension_v1_case13_sample_000021', 'benchmark_extension_v1_case13_sample_000022', 'benchmark_extension_v1_case13_sample_000023', 'benchmark_extension_v1_case13_sample_000024', 'benchmark_extension_v1_case13_sample_000025', 'benchmark_extension_v1_case13_sample_000026', 'benchmark_extension_v1_case13_sample_000027', 'benchmark_extension_v1_case13_sample_000028', 'benchmark_extension_v1_case13_sample_000029', 'benchmark_extension_v1_case13_sample_000030', 'benchmark_extension_v1_case13_sample_000031', 'benchmark_extension_v1_case13_sample_000032', 'benchmark_extension_v1_case13_sample_000033', 'benchmark_extension_v1_case13_sample_000034', 'benchmark_extension_v1_case13_sample_000035', 'benchmark_extension_v1_case13_sample_000036', 'benchmark_extension_v1_case13_sample_000037', 'benchmark_extension_v1_case13_sample_000038', 'benchmark_extension_v1_case13_sample_000039', 'benchmark_extension_v1_case13_sample_000040', 'benchmark_extension_v1_case13_sample_000041', 'benchmark_extension_v1_case13_sample_000042', 'benchmark_extension_v1_case13_sample_000043', 'benchmark_extension_v1_case13_sample_000044', 'benchmark_extension_v1_case13_sample_000045', 'benchmark_extension_v1_case13_sample_000046', 'benchmark_extension_v1_case13_sample_000047', 'benchmark_extension_v1_case13_sample_000048', 'benchmark_extension_v1_case13_sample_000049', 'benchmark_extension_v1_case13_sample_000050', 'benchmark_extension_v1_case14_sample_000001', 'benchmark_extension_v1_case14_sample_000002', 'benchmark_extension_v1_case14_sample_000003', 'benchmark_extension_v1_case14_sample_000004', 'benchmark_extension_v1_case14_sample_000005', 'benchmark_extension_v1_case14_sample_000006', 'benchmark_extension_v1_case14_sample_000007', 'benchmark_extension_v1_case14_sample_000008', 'benchmark_extension_v1_case14_sample_000009', 'benchmark_extension_v1_case14_sample_000010', 'benchmark_extension_v1_case14_sample_000011', 'benchmark_extension_v1_case14_sample_000012', 'benchmark_extension_v1_case14_sample_000013', 'benchmark_extension_v1_case14_sample_000014', 'benchmark_extension_v1_case14_sample_000015', 'benchmark_extension_v1_case14_sample_000016', 'benchmark_extension_v1_case14_sample_000017', 'benchmark_extension_v1_case14_sample_000018', 'benchmark_extension_v1_case14_sample_000019', 'benchmark_extension_v1_case14_sample_000020', 'benchmark_extension_v1_case14_sample_000021', 'benchmark_extension_v1_case14_sample_000022', 'benchmark_extension_v1_case14_sample_000023', 'benchmark_extension_v1_case14_sample_000024', 'benchmark_extension_v1_case14_sample_000025', 'benchmark_extension_v1_case14_sample_000026', 'benchmark_extension_v1_case14_sample_000027', 'benchmark_extension_v1_case14_sample_000028', 'benchmark_extension_v1_case14_sample_000029', 'benchmark_extension_v1_case14_sample_000030', 'benchmark_extension_v1_case14_sample_000031', 'benchmark_extension_v1_case14_sample_000032', 'benchmark_extension_v1_case14_sample_000033', 'benchmark_extension_v1_case14_sample_000034', 'benchmark_extension_v1_case14_sample_000035', 'benchmark_extension_v1_case14_sample_000036', 'benchmark_extension_v1_case14_sample_000037', 'benchmark_extension_v1_case14_sample_000038', 'benchmark_extension_v1_case14_sample_000039', 'benchmark_extension_v1_case14_sample_000040', 'benchmark_extension_v1_case14_sample_000041', 'benchmark_extension_v1_case14_sample_000042', 'benchmark_extension_v1_case14_sample_000043', 'benchmark_extension_v1_case14_sample_000044', 'benchmark_extension_v1_case14_sample_000045', 'benchmark_extension_v1_case14_sample_000046', 'benchmark_extension_v1_case14_sample_000047', 'benchmark_extension_v1_case14_sample_000048', 'benchmark_extension_v1_case14_sample_000049', 'benchmark_extension_v1_case14_sample_000050', 'benchmark_extension_v1_case15_sample_000001', 'benchmark_extension_v1_case15_sample_000002', 'benchmark_extension_v1_case15_sample_000003', 'benchmark_extension_v1_case15_sample_000004', 'benchmark_extension_v1_case15_sample_000005', 'benchmark_extension_v1_case15_sample_000006', 'benchmark_extension_v1_case15_sample_000007', 'benchmark_extension_v1_case15_sample_000008', 'benchmark_extension_v1_case15_sample_000009', 'benchmark_extension_v1_case15_sample_000010', 'benchmark_extension_v1_case15_sample_000011', 'benchmark_extension_v1_case15_sample_000012', 'benchmark_extension_v1_case15_sample_000013', 'benchmark_extension_v1_case15_sample_000014', 'benchmark_extension_v1_case15_sample_000015', 'benchmark_extension_v1_case15_sample_000016', 'benchmark_extension_v1_case15_sample_000017', 'benchmark_extension_v1_case15_sample_000018', 'benchmark_extension_v1_case15_sample_000019', 'benchmark_extension_v1_case15_sample_000020', 'benchmark_extension_v1_case15_sample_000021', 'benchmark_extension_v1_case15_sample_000022', 'benchmark_extension_v1_case15_sample_000023', 'benchmark_extension_v1_case15_sample_000024', 'benchmark_extension_v1_case15_sample_000025', 'benchmark_extension_v1_case15_sample_000026', 'benchmark_extension_v1_case15_sample_000027', 'benchmark_extension_v1_case15_sample_000028', 'benchmark_extension_v1_case15_sample_000029', 'benchmark_extension_v1_case15_sample_000030', 'benchmark_extension_v1_case15_sample_000031', 'benchmark_extension_v1_case15_sample_000032', 'benchmark_extension_v1_case15_sample_000033', 'benchmark_extension_v1_case15_sample_000034', 'benchmark_extension_v1_case15_sample_000035', 'benchmark_extension_v1_case15_sample_000036', 'benchmark_extension_v1_case15_sample_000037', 'benchmark_extension_v1_case15_sample_000038', 'benchmark_extension_v1_case15_sample_000039', 'benchmark_extension_v1_case15_sample_000040', 'benchmark_extension_v1_case15_sample_000041', 'benchmark_extension_v1_case15_sample_000042', 'benchmark_extension_v1_case15_sample_000043', 'benchmark_extension_v1_case15_sample_000044', 'benchmark_extension_v1_case15_sample_000045', 'benchmark_extension_v1_case15_sample_000046', 'benchmark_extension_v1_case15_sample_000047', 'benchmark_extension_v1_case15_sample_000048', 'benchmark_extension_v1_case15_sample_000049', 'benchmark_extension_v1_case15_sample_000050', 'benchmark_extension_v1_case16_sample_000001', 'benchmark_extension_v1_case16_sample_000002', 'benchmark_extension_v1_case16_sample_000003', 'benchmark_extension_v1_case16_sample_000004', 'benchmark_extension_v1_case16_sample_000005', 'benchmark_extension_v1_case16_sample_000006', 'benchmark_extension_v1_case16_sample_000007', 'benchmark_extension_v1_case16_sample_000008', 'benchmark_extension_v1_case16_sample_000009', 'benchmark_extension_v1_case16_sample_000010', 'benchmark_extension_v1_case16_sample_000011', 'benchmark_extension_v1_case16_sample_000012', 'benchmark_extension_v1_case16_sample_000013', 'benchmark_extension_v1_case16_sample_000014', 'benchmark_extension_v1_case16_sample_000015', 'benchmark_extension_v1_case16_sample_000016', 'benchmark_extension_v1_case16_sample_000017', 'benchmark_extension_v1_case16_sample_000018', 'benchmark_extension_v1_case16_sample_000019', 'benchmark_extension_v1_case16_sample_000020', 'benchmark_extension_v1_case16_sample_000021', 'benchmark_extension_v1_case16_sample_000022', 'benchmark_extension_v1_case16_sample_000023', 'benchmark_extension_v1_case16_sample_000024', 'benchmark_extension_v1_case16_sample_000025', 'benchmark_extension_v1_case16_sample_000026', 'benchmark_extension_v1_case16_sample_000027', 'benchmark_extension_v1_case16_sample_000028', 'benchmark_extension_v1_case16_sample_000029', 'benchmark_extension_v1_case16_sample_000030', 'benchmark_extension_v1_case16_sample_000031', 'benchmark_extension_v1_case16_sample_000032', 'benchmark_extension_v1_case16_sample_000033', 'benchmark_extension_v1_case16_sample_000034', 'benchmark_extension_v1_case16_sample_000035', 'benchmark_extension_v1_case16_sample_000036', 'benchmark_extension_v1_case16_sample_000037', 'benchmark_extension_v1_case16_sample_000038', 'benchmark_extension_v1_case16_sample_000039', 'benchmark_extension_v1_case16_sample_000040', 'benchmark_extension_v1_case16_sample_000041', 'benchmark_extension_v1_case16_sample_000042', 'benchmark_extension_v1_case16_sample_000043', 'benchmark_extension_v1_case16_sample_000044', 'benchmark_extension_v1_case16_sample_000045', 'benchmark_extension_v1_case16_sample_000046', 'benchmark_extension_v1_case16_sample_000047', 'benchmark_extension_v1_case16_sample_000048', 'benchmark_extension_v1_case16_sample_000049', 'benchmark_extension_v1_case16_sample_000050', 'benchmark_extension_v1_case17_sample_000001', 'benchmark_extension_v1_case17_sample_000002', 'benchmark_extension_v1_case17_sample_000003', 'benchmark_extension_v1_case17_sample_000004', 'benchmark_extension_v1_case17_sample_000005', 'benchmark_extension_v1_case17_sample_000006', 'benchmark_extension_v1_case17_sample_000007', 'benchmark_extension_v1_case17_sample_000008', 'benchmark_extension_v1_case17_sample_000009', 'benchmark_extension_v1_case17_sample_000010', 'benchmark_extension_v1_case17_sample_000011', 'benchmark_extension_v1_case17_sample_000012', 'benchmark_extension_v1_case17_sample_000013', 'benchmark_extension_v1_case17_sample_000014', 'benchmark_extension_v1_case17_sample_000015', 'benchmark_extension_v1_case17_sample_000016', 'benchmark_extension_v1_case17_sample_000017', 'benchmark_extension_v1_case17_sample_000018', 'benchmark_extension_v1_case17_sample_000019', 'benchmark_extension_v1_case17_sample_000020', 'benchmark_extension_v1_case17_sample_000021', 'benchmark_extension_v1_case17_sample_000022', 'benchmark_extension_v1_case17_sample_000023', 'benchmark_extension_v1_case17_sample_000024', 'benchmark_extension_v1_case17_sample_000025', 'benchmark_extension_v1_case17_sample_000026', 'benchmark_extension_v1_case17_sample_000027', 'benchmark_extension_v1_case17_sample_000028', 'benchmark_extension_v1_case17_sample_000029', 'benchmark_extension_v1_case17_sample_000030', 'benchmark_extension_v1_case17_sample_000031', 'benchmark_extension_v1_case17_sample_000032', 'benchmark_extension_v1_case17_sample_000033', 'benchmark_extension_v1_case17_sample_000034', 'benchmark_extension_v1_case17_sample_000035', 'benchmark_extension_v1_case17_sample_000036', 'benchmark_extension_v1_case17_sample_000037', 'benchmark_extension_v1_case17_sample_000038', 'benchmark_extension_v1_case17_sample_000039', 'benchmark_extension_v1_case17_sample_000040', 'benchmark_extension_v1_case17_sample_000041', 'benchmark_extension_v1_case17_sample_000042', 'benchmark_extension_v1_case17_sample_000043', 'benchmark_extension_v1_case17_sample_000044', 'benchmark_extension_v1_case17_sample_000045', 'benchmark_extension_v1_case17_sample_000046', 'benchmark_extension_v1_case17_sample_000047', 'benchmark_extension_v1_case17_sample_000048', 'benchmark_extension_v1_case17_sample_000049', 'benchmark_extension_v1_case17_sample_000050', 'benchmark_extension_v1_case18_sample_000001', 'benchmark_extension_v1_case18_sample_000002', 'benchmark_extension_v1_case18_sample_000003', 'benchmark_extension_v1_case18_sample_000004', 'benchmark_extension_v1_case18_sample_000005', 'benchmark_extension_v1_case18_sample_000006', 'benchmark_extension_v1_case18_sample_000007', 'benchmark_extension_v1_case18_sample_000008', 'benchmark_extension_v1_case18_sample_000009', 'benchmark_extension_v1_case18_sample_000010', 'benchmark_extension_v1_case18_sample_000011', 'benchmark_extension_v1_case18_sample_000012', 'benchmark_extension_v1_case18_sample_000013', 'benchmark_extension_v1_case18_sample_000014', 'benchmark_extension_v1_case18_sample_000015', 'benchmark_extension_v1_case18_sample_000016', 'benchmark_extension_v1_case18_sample_000017', 'benchmark_extension_v1_case18_sample_000018', 'benchmark_extension_v1_case18_sample_000019', 'benchmark_extension_v1_case18_sample_000020', 'benchmark_extension_v1_case18_sample_000021', 'benchmark_extension_v1_case18_sample_000022', 'benchmark_extension_v1_case18_sample_000023', 'benchmark_extension_v1_case18_sample_000024', 'benchmark_extension_v1_case18_sample_000025', 'benchmark_extension_v1_case18_sample_000026', 'benchmark_extension_v1_case18_sample_000027', 'benchmark_extension_v1_case18_sample_000028', 'benchmark_extension_v1_case18_sample_000029', 'benchmark_extension_v1_case18_sample_000030', 'benchmark_extension_v1_case18_sample_000031', 'benchmark_extension_v1_case18_sample_000032', 'benchmark_extension_v1_case18_sample_000033', 'benchmark_extension_v1_case18_sample_000034', 'benchmark_extension_v1_case18_sample_000035', 'benchmark_extension_v1_case18_sample_000036', 'benchmark_extension_v1_case18_sample_000037', 'benchmark_extension_v1_case18_sample_000038', 'benchmark_extension_v1_case18_sample_000039', 'benchmark_extension_v1_case18_sample_000040', 'benchmark_extension_v1_case18_sample_000041', 'benchmark_extension_v1_case18_sample_000042', 'benchmark_extension_v1_case18_sample_000043', 'benchmark_extension_v1_case18_sample_000044', 'benchmark_extension_v1_case18_sample_000045', 'benchmark_extension_v1_case18_sample_000046', 'benchmark_extension_v1_case18_sample_000047', 'benchmark_extension_v1_case18_sample_000048', 'benchmark_extension_v1_case18_sample_000049', 'benchmark_extension_v1_case18_sample_000050', 'benchmark_extension_v1_case19_sample_000001', 'benchmark_extension_v1_case19_sample_000002', 'benchmark_extension_v1_case19_sample_000003', 'benchmark_extension_v1_case19_sample_000004', 'benchmark_extension_v1_case19_sample_000005', 'benchmark_extension_v1_case19_sample_000006', 'benchmark_extension_v1_case19_sample_000007', 'benchmark_extension_v1_case19_sample_000008', 'benchmark_extension_v1_case19_sample_000009', 'benchmark_extension_v1_case19_sample_000010', 'benchmark_extension_v1_case19_sample_000011', 'benchmark_extension_v1_case19_sample_000012', 'benchmark_extension_v1_case19_sample_000013', 'benchmark_extension_v1_case19_sample_000014', 'benchmark_extension_v1_case19_sample_000015', 'benchmark_extension_v1_case19_sample_000016', 'benchmark_extension_v1_case19_sample_000017', 'benchmark_extension_v1_case19_sample_000018', 'benchmark_extension_v1_case19_sample_000019', 'benchmark_extension_v1_case19_sample_000020', 'benchmark_extension_v1_case19_sample_000021', 'benchmark_extension_v1_case19_sample_000022', 'benchmark_extension_v1_case19_sample_000023', 'benchmark_extension_v1_case19_sample_000024', 'benchmark_extension_v1_case19_sample_000025', 'benchmark_extension_v1_case19_sample_000026', 'benchmark_extension_v1_case19_sample_000027', 'benchmark_extension_v1_case19_sample_000028', 'benchmark_extension_v1_case19_sample_000029', 'benchmark_extension_v1_case19_sample_000030', 'benchmark_extension_v1_case19_sample_000031', 'benchmark_extension_v1_case19_sample_000032', 'benchmark_extension_v1_case19_sample_000033', 'benchmark_extension_v1_case19_sample_000034', 'benchmark_extension_v1_case19_sample_000035', 'benchmark_extension_v1_case19_sample_000036', 'benchmark_extension_v1_case19_sample_000037', 'benchmark_extension_v1_case19_sample_000038', 'benchmark_extension_v1_case19_sample_000039', 'benchmark_extension_v1_case19_sample_000040', 'benchmark_extension_v1_case19_sample_000041', 'benchmark_extension_v1_case19_sample_000042', 'benchmark_extension_v1_case19_sample_000043', 'benchmark_extension_v1_case19_sample_000044', 'benchmark_extension_v1_case19_sample_000045', 'benchmark_extension_v1_case19_sample_000046', 'benchmark_extension_v1_case19_sample_000047', 'benchmark_extension_v1_case19_sample_000048', 'benchmark_extension_v1_case19_sample_000049', 'benchmark_extension_v1_case19_sample_000050', 'benchmark_extension_v1_case20_sample_000001', 'benchmark_extension_v1_case20_sample_000002', 'benchmark_extension_v1_case20_sample_000003', 'benchmark_extension_v1_case20_sample_000004', 'benchmark_extension_v1_case20_sample_000005', 'benchmark_extension_v1_case20_sample_000006', 'benchmark_extension_v1_case20_sample_000007', 'benchmark_extension_v1_case20_sample_000008', 'benchmark_extension_v1_case20_sample_000009', 'benchmark_extension_v1_case20_sample_000010', 'benchmark_extension_v1_case20_sample_000011', 'benchmark_extension_v1_case20_sample_000012', 'benchmark_extension_v1_case20_sample_000013', 'benchmark_extension_v1_case20_sample_000014', 'benchmark_extension_v1_case20_sample_000015', 'benchmark_extension_v1_case20_sample_000016', 'benchmark_extension_v1_case20_sample_000017', 'benchmark_extension_v1_case20_sample_000018', 'benchmark_extension_v1_case20_sample_000019', 'benchmark_extension_v1_case20_sample_000020', 'benchmark_extension_v1_case20_sample_000021', 'benchmark_extension_v1_case20_sample_000022', 'benchmark_extension_v1_case20_sample_000023', 'benchmark_extension_v1_case20_sample_000024', 'benchmark_extension_v1_case20_sample_000025', 'benchmark_extension_v1_case20_sample_000026', 'benchmark_extension_v1_case20_sample_000027', 'benchmark_extension_v1_case20_sample_000028', 'benchmark_extension_v1_case20_sample_000029', 'benchmark_extension_v1_case20_sample_000030', 'benchmark_extension_v1_case20_sample_000031', 'benchmark_extension_v1_case20_sample_000032', 'benchmark_extension_v1_case20_sample_000033', 'benchmark_extension_v1_case20_sample_000034', 'benchmark_extension_v1_case20_sample_000035', 'benchmark_extension_v1_case20_sample_000036', 'benchmark_extension_v1_case20_sample_000037', 'benchmark_extension_v1_case20_sample_000038', 'benchmark_extension_v1_case20_sample_000039', 'benchmark_extension_v1_case20_sample_000040', 'benchmark_extension_v1_case20_sample_000041', 'benchmark_extension_v1_case20_sample_000042', 'benchmark_extension_v1_case20_sample_000043', 'benchmark_extension_v1_case20_sample_000044', 'benchmark_extension_v1_case20_sample_000045', 'benchmark_extension_v1_case20_sample_000046', 'benchmark_extension_v1_case20_sample_000047', 'benchmark_extension_v1_case20_sample_000048', 'benchmark_extension_v1_case20_sample_000049', 'benchmark_extension_v1_case20_sample_000050']
Skipped-valid UIDs: []
Running HotSpot for 500 sample(s) with 8 worker(s)
HotSpot progress: completed=1/500 success=1 failed=0 retried=0 workers=8 mean_runtime=3.75s ETA=233.8s
HotSpot progress: completed=2/500 success=2 failed=0 retried=0 workers=8 mean_runtime=4.04s ETA=251.2s
HotSpot progress: completed=3/500 success=3 failed=0 retried=0 workers=8 mean_runtime=5.12s ETA=318.4s
HotSpot progress: completed=4/500 success=4 failed=0 retried=0 workers=8 mean_runtime=5.67s ETA=351.2s
HotSpot progress: completed=5/500 success=5 failed=0 retried=0 workers=8 mean_runtime=6.24s ETA=386.3s
HotSpot progress: completed=6/500 success=6 failed=0 retried=0 workers=8 mean_runtime=6.88s ETA=424.8s
HotSpot progress: completed=7/500 success=7 failed=0 retried=0 workers=8 mean_runtime=6.86s ETA=422.9s
HotSpot progress: completed=8/500 success=8 failed=0 retried=0 workers=8 mean_runtime=7.02s ETA=431.8s
HotSpot progress: completed=9/500 success=9 failed=0 retried=0 workers=8 mean_runtime=7.36s ETA=451.5s
HotSpot progress: completed=10/500 success=10 failed=0 retried=0 workers=8 mean_runtime=7.41s ETA=453.8s
HotSpot progress: completed=11/500 success=11 failed=0 retried=0 workers=8 mean_runtime=7.44s ETA=455.0s
HotSpot progress: completed=12/500 success=12 failed=0 retried=0 workers=8 mean_runtime=8.65s ETA=527.8s
HotSpot progress: completed=13/500 success=13 failed=0 retried=0 workers=8 mean_runtime=9.74s ETA=593.2s
HotSpot progress: completed=14/500 success=14 failed=0 retried=0 workers=8 mean_runtime=10.41s ETA=632.7s
HotSpot progress: completed=15/500 success=15 failed=0 retried=0 workers=8 mean_runtime=10.20s ETA=618.6s
HotSpot progress: completed=16/500 success=16 failed=0 retried=0 workers=8 mean_runtime=10.10s ETA=610.9s
HotSpot progress: completed=17/500 success=17 failed=0 retried=0 workers=8 mean_runtime=9.99s ETA=603.1s
HotSpot progress: completed=18/500 success=18 failed=0 retried=0 workers=8 mean_runtime=9.90s ETA=596.4s
HotSpot progress: completed=19/500 success=19 failed=0 retried=0 workers=8 mean_runtime=10.82s ETA=650.8s
HotSpot progress: completed=20/500 success=20 failed=0 retried=0 workers=8 mean_runtime=10.83s ETA=649.8s
HotSpot progress: completed=21/500 success=21 failed=0 retried=0 workers=8 mean_runtime=10.75s ETA=643.7s
HotSpot progress: completed=22/500 success=22 failed=0 retried=0 workers=8 mean_runtime=10.68s ETA=638.3s
HotSpot progress: completed=23/500 success=23 failed=0 retried=0 workers=8 mean_runtime=10.81s ETA=644.6s
HotSpot progress: completed=24/500 success=24 failed=0 retried=0 workers=8 mean_runtime=10.76s ETA=640.2s
HotSpot progress: completed=25/500 success=25 failed=0 retried=0 workers=8 mean_runtime=11.06s ETA=656.7s
HotSpot progress: completed=26/500 success=26 failed=0 retried=0 workers=8 mean_runtime=11.04s ETA=654.4s
HotSpot progress: completed=27/500 success=27 failed=0 retried=0 workers=8 mean_runtime=11.26s ETA=665.7s
HotSpot progress: completed=28/500 success=28 failed=0 retried=0 workers=8 mean_runtime=11.64s ETA=686.7s
HotSpot progress: completed=29/500 success=29 failed=0 retried=0 workers=8 mean_runtime=12.02s ETA=707.6s
HotSpot progress: completed=30/500 success=30 failed=0 retried=0 workers=8 mean_runtime=12.42s ETA=729.4s
HotSpot progress: completed=31/500 success=31 failed=0 retried=0 workers=8 mean_runtime=13.10s ETA=767.8s
HotSpot progress: completed=32/500 success=32 failed=0 retried=0 workers=8 mean_runtime=13.00s ETA=760.3s
HotSpot progress: completed=33/500 success=33 failed=0 retried=0 workers=8 mean_runtime=12.81s ETA=747.9s
HotSpot progress: completed=34/500 success=34 failed=0 retried=0 workers=8 mean_runtime=13.08s ETA=761.8s
HotSpot progress: completed=35/500 success=35 failed=0 retried=0 workers=8 mean_runtime=12.95s ETA=752.8s
HotSpot progress: completed=36/500 success=36 failed=0 retried=0 workers=8 mean_runtime=12.79s ETA=741.9s
HotSpot progress: completed=37/500 success=37 failed=0 retried=0 workers=8 mean_runtime=12.62s ETA=730.3s
HotSpot progress: completed=38/500 success=38 failed=0 retried=0 workers=8 mean_runtime=13.13s ETA=758.5s
HotSpot progress: completed=39/500 success=39 failed=0 retried=0 workers=8 mean_runtime=13.34s ETA=768.8s
HotSpot progress: completed=40/500 success=40 failed=0 retried=0 workers=8 mean_runtime=13.40s ETA=770.7s
HotSpot progress: completed=41/500 success=41 failed=0 retried=0 workers=8 mean_runtime=13.37s ETA=766.9s
HotSpot progress: completed=42/500 success=42 failed=0 retried=0 workers=8 mean_runtime=13.60s ETA=778.5s
HotSpot progress: completed=43/500 success=43 failed=0 retried=0 workers=8 mean_runtime=13.63s ETA=778.8s
HotSpot progress: completed=44/500 success=44 failed=0 retried=0 workers=8 mean_runtime=13.49s ETA=768.9s
HotSpot progress: completed=45/500 success=45 failed=0 retried=0 workers=8 mean_runtime=13.33s ETA=758.3s
HotSpot progress: completed=46/500 success=46 failed=0 retried=0 workers=8 mean_runtime=13.28s ETA=753.7s
HotSpot progress: completed=47/500 success=47 failed=0 retried=0 workers=8 mean_runtime=13.40s ETA=758.7s
HotSpot progress: completed=48/500 success=48 failed=0 retried=0 workers=8 mean_runtime=13.67s ETA=772.3s
HotSpot progress: completed=49/500 success=49 failed=0 retried=0 workers=8 mean_runtime=13.91s ETA=784.0s
HotSpot progress: completed=50/500 success=50 failed=0 retried=0 workers=8 mean_runtime=14.18s ETA=797.8s
HotSpot progress: completed=51/500 success=51 failed=0 retried=0 workers=8 mean_runtime=14.70s ETA=824.9s
HotSpot progress: completed=52/500 success=52 failed=0 retried=0 workers=8 mean_runtime=15.33s ETA=858.4s
HotSpot progress: completed=53/500 success=53 failed=0 retried=0 workers=8 mean_runtime=15.96s ETA=891.6s
HotSpot progress: completed=54/500 success=54 failed=0 retried=0 workers=8 mean_runtime=16.41s ETA=914.7s
HotSpot progress: completed=55/500 success=55 failed=0 retried=0 workers=8 mean_runtime=16.78s ETA=933.5s
HotSpot progress: completed=56/500 success=56 failed=0 retried=0 workers=8 mean_runtime=17.36s ETA=963.6s
HotSpot progress: completed=57/500 success=57 failed=0 retried=0 workers=8 mean_runtime=17.80s ETA=985.9s
HotSpot progress: completed=58/500 success=58 failed=0 retried=0 workers=8 mean_runtime=18.25s ETA=1008.2s
HotSpot progress: completed=59/500 success=59 failed=0 retried=0 workers=8 mean_runtime=18.55s ETA=1022.6s
HotSpot progress: completed=60/500 success=60 failed=0 retried=0 workers=8 mean_runtime=18.73s ETA=1030.1s
HotSpot progress: completed=61/500 success=61 failed=0 retried=0 workers=8 mean_runtime=19.07s ETA=1046.7s
HotSpot progress: completed=62/500 success=62 failed=0 retried=0 workers=8 mean_runtime=19.37s ETA=1060.3s
HotSpot progress: completed=63/500 success=63 failed=0 retried=0 workers=8 mean_runtime=19.73s ETA=1077.7s
HotSpot progress: completed=64/500 success=64 failed=0 retried=0 workers=8 mean_runtime=20.07s ETA=1093.8s
HotSpot progress: completed=65/500 success=65 failed=0 retried=0 workers=8 mean_runtime=20.58s ETA=1118.9s
HotSpot progress: completed=66/500 success=66 failed=0 retried=0 workers=8 mean_runtime=20.95s ETA=1136.3s
HotSpot progress: completed=67/500 success=67 failed=0 retried=0 workers=8 mean_runtime=21.17s ETA=1145.9s
HotSpot progress: completed=68/500 success=68 failed=0 retried=0 workers=8 mean_runtime=21.50s ETA=1161.0s
HotSpot progress: completed=69/500 success=69 failed=0 retried=0 workers=8 mean_runtime=21.73s ETA=1170.9s
HotSpot progress: completed=70/500 success=70 failed=0 retried=0 workers=8 mean_runtime=22.00s ETA=1182.6s
HotSpot progress: completed=71/500 success=71 failed=0 retried=0 workers=8 mean_runtime=22.26s ETA=1193.8s
HotSpot progress: completed=72/500 success=72 failed=0 retried=0 workers=8 mean_runtime=22.55s ETA=1206.7s
HotSpot progress: completed=73/500 success=73 failed=0 retried=0 workers=8 mean_runtime=22.77s ETA=1215.5s
HotSpot progress: completed=74/500 success=74 failed=0 retried=0 workers=8 mean_runtime=23.07s ETA=1228.7s
HotSpot progress: completed=75/500 success=75 failed=0 retried=0 workers=8 mean_runtime=23.35s ETA=1240.7s
HotSpot progress: completed=76/500 success=76 failed=0 retried=0 workers=8 mean_runtime=23.71s ETA=1256.4s
HotSpot progress: completed=77/500 success=77 failed=0 retried=0 workers=8 mean_runtime=24.06s ETA=1272.2s
